year,month,price_premium,price_regular_milled,price_special,price_well_milled,rice_stock_total_mt,headline_inflation,rice_inflation,rice_contribution,headline_inflation_lag1,rice_inflation_lag1,rice_contribution_lag1,rainfall,rain_hours,tmax,tmin,tmean,soil_moisture,rh,wind_speed,palay_production_mt,avg_yield_ton_per_ha,rice_area_ha,fert_urea_prilled,fert_urea_granular,fert_ammosul,fert_complete,fert_ammophos,fert_mop,fert_dap
2011,1,38.0,29.2,,31.92,3424300.0,4.0,-0.2,-0.02,,,,390.4,418.0,24.996774193548386,22.387096774193548,23.44516129032258,0.4575806451612903,,,11686.0,,,,,,,,,
2011,2,38.0,29.0,,31.9,3049600.0,4.3,-1.0,-0.09,4.0,-0.2,-0.02,259.7,281.0,25.29642857142857,22.224999999999998,23.560714285714287,0.45653571428571427,,,11686.0,,,,,,,,,
2011,3,38.0,29.05,49.5,31.8,2853000.0,4.5,-1.3,-0.12,4.3,-1.0,-0.09,294.3,378.0,25.719354838709677,22.638709677419353,23.83225806451613,0.4589354838709678,,,11686.0,,,,,,,,,
2011,4,38.0,29.16,50.0,31.84,3080600.0,4.7,1.2,0.11,4.5,-1.3,-0.12,107.4,230.0,26.206666666666667,22.876666666666665,24.259999999999998,0.4196,,,3602.0,,,,,,,,,
2011,5,38.0,29.0,50.0,31.3,3396500.0,4.3,1.2,0.11,4.7,1.2,0.11,270.6,339.0,26.874193548387098,23.387096774193548,24.87741935483871,0.4368064516129032,,,3602.0,,,,,,,,,
2011,6,38.0,29.0,,31.0,3093600.0,4.4,2.1,0.19,4.3,1.2,0.11,307.8,307.0,26.996666666666666,23.37,24.903333333333332,0.4535666666666666,,,3602.0,,,,,,,,,
2011,7,38.0,29.52,48.0,31.44,3021800.0,4.1,2.6,0.23,4.4,2.1,0.19,213.2,214.0,26.712903225806453,23.299999999999997,24.716129032258067,0.43990322580645164,,,5914.0,,,,,,,,,
2011,8,38.0,30.0,48.0,31.65,2720400.0,3.9,0.2,0.02,4.1,2.6,0.23,262.2,273.0,26.73225806451613,23.13225806451613,24.60967741935484,0.4496129032258065,,,5914.0,,,,,,,,,
2011,9,38.0,30.0,48.0,31.9,2415200.0,1.7,-1.9,-0.17,3.9,0.2,0.02,148.4,182.0,27.136666666666667,23.396666666666665,24.87,0.41859999999999997,,,5914.0,,,,,,,,,
2011,10,38.0,30.08,48.0,32.0,2739200.0,1.3,0.2,0.02,1.7,-1.9,-0.17,348.7,306.0,26.62258064516129,23.1,24.6,0.4389354838709677,,,12674.0,,,,,,,,,
2011,11,38.9,30.3,48.25,32.2,3216800.0,1.4,1.2,0.11,1.3,0.2,0.02,223.1,326.0,26.58,23.153333333333332,24.59333333333333,0.45686666666666664,,,12674.0,,,,,,,,,
2011,12,39.2,30.0,49.0,33.0,3097500.0,1.8,1.4,0.12,1.4,1.2,0.11,261.6,369.0,26.129032258064516,23.16774193548387,24.374193548387098,0.4538387096774194,,,12674.0,,,,,,,,,
2012,1,39.2,30.0,50.0,32.25,2627400.0,3.6,11.3,1.0,1.8,1.4,0.12,122.9,273.0,25.81935483870968,22.73548387096774,24.009677419354837,0.43812903225806454,,,11072.0,,,,,,,,,
2012,2,39.2,30.0,49.5,32.1,2331400.0,2.6,11.2,0.99,3.6,11.3,1.0,285.9,341.0,25.7448275862069,22.627586206896552,23.92413793103448,0.4535862068965517,,,11072.0,,,,,,,,,
2012,3,39.2,30.0,50.64,32.44,2012600.0,2.6,11.2,0.99,2.6,11.2,0.99,254.3,318.0,26.070967741935487,22.58709677419355,24.08709677419355,0.42609677419354836,,,11072.0,,,,,,,,,
2012,4,39.2,29.8,50.5,32.2,2637800.0,4.8,11.6,1.03,2.6,11.2,0.99,107.3,247.0,27.103333333333335,23.456666666666667,25.083333333333332,0.4184,,,4086.0,,,,,,,,,
2012,5,39.2,30.0,50.0,32.3,2673300.0,5.6,11.9,1.06,4.8,11.6,1.03,276.9,303.0,27.516129032258064,23.538709677419355,25.225806451612904,0.43541935483870964,,,4086.0,,,,,,,,,
2012,6,39.2,30.0,50.0,32.4,2287308.0,7.2,11.1,0.98,5.6,11.9,1.06,86.6,124.0,27.283333333333335,23.68,25.16,0.42473333333333335,,,4086.0,,,,,,,,,
2012,7,36.6,30.0,50.0,32.3,1915105.0,8.0,11.2,0.99,7.2,11.1,0.98,251.7,312.0,26.467741935483872,23.20967741935484,24.538709677419355,0.4487741935483871,,,6792.0,,,,,,,,,
2012,8,35.9,30.0,50.0,32.0,1616600.0,8.4,11.7,1.04,8.0,11.2,0.99,105.4,119.0,27.496774193548386,23.551612903225806,25.16774193548387,0.4087741935483871,,,6792.0,,,,,,,,,
2012,9,36.0,29.68,50.0,32.0,1441900.0,9.6,11.8,1.05,8.4,11.7,1.04,162.2,248.0,26.46333333333333,23.279999999999998,24.553333333333335,0.4419,,,6792.0,,,,,,,,,
2012,10,35.4,28.9,50.0,31.9,1999000.0,9.6,11.9,1.06,9.6,11.8,1.05,204.5,282.0,26.480645161290322,23.09032258064516,24.44516129032258,0.4481290322580645,,,11920.0,,,,,,,,,
2012,11,35.4,29.15,50.0,32.0,2784600.0,9.6,11.8,1.05,9.6,11.9,1.06,159.1,255.0,26.453333333333333,23.413333333333334,24.733333333333334,0.4516,,,11920.0,,,,,,,,,
2012,12,35.4,29.0,50.0,32.0,2613200.0,8.9,11.8,1.05,9.6,11.8,1.05,110.5,243.0,26.216129032258067,23.216129032258067,24.541935483870965,0.4203548387096774,,,11920.0,,,,,,,,,
2013,1,35.25,28.8,50.0,32.0,2524200.0,7.3,1.8,0.16,8.9,11.8,1.05,368.5,330.0,25.06451612903226,22.5258064516129,23.551612903225806,0.45580645161290323,,,11764.0,,,,,,,,,
2013,2,35.35,29.0,50.0,32.7,2023600.0,8.2,2.3,0.2,7.3,1.8,0.16,159.6,233.0,25.667857142857144,22.72142857142857,23.957142857142856,0.4382142857142857,,,11764.0,,,,,,,,,
2013,3,35.4,29.6,50.0,33.0,1938600.0,8.3,2.4,0.21,8.2,2.3,0.2,62.1,163.0,26.570967741935487,23.096774193548388,24.648387096774194,0.39935483870967736,,,11764.0,,,,,,,,,
2013,4,35.4,29.8,50.0,33.0,2327600.0,5.9,2.0,0.18,8.3,2.4,0.21,77.1,200.0,27.846666666666668,23.916666666666668,25.696666666666665,0.34603333333333336,,,4144.0,,,,,,,,,
2013,5,36.0,29.65,50.5,33.0,2614400.0,5.1,2.1,0.19,5.9,2.0,0.18,250.3,296.0,28.0,24.016129032258064,25.799999999999997,0.3751935483870968,,,4144.0,,,,,,,,,
2013,6,36.32,30.52,51.0,33.6,2313500.0,4.1,2.0,0.18,5.1,2.1,0.19,275.1,321.0,27.053333333333335,23.62,25.076666666666664,0.4547,,,4144.0,,,,,,,,,
2013,7,37.6,33.0,,35.6,2194060.0,3.5,2.2,0.2,4.1,2.0,0.18,363.1,395.0,26.616129032258065,23.125806451612902,24.58709677419355,0.4663548387096774,,,7006.0,,,,,,,,,
2013,8,38.12,33.92,,36.72,1859500.0,3.5,2.1,0.19,3.5,2.2,0.2,295.6,291.0,26.593548387096774,23.190322580645162,24.61935483870968,0.4407741935483871,,,7006.0,,,,,,,,,
2013,9,37.9,34.15,,36.35,1530310.0,3.2,5.4,0.48,3.5,2.1,0.19,155.8,219.0,27.08,23.5,24.959999999999997,0.44033333333333335,,,7006.0,,,,,,,,,
2013,10,37.75,34.0,51.0,36.5,1771300.0,3.3,5.3,0.47,3.2,5.4,0.48,161.4,221.0,26.42258064516129,22.92258064516129,24.37741935483871,0.42058064516129035,,,12406.0,,,,,,,,,
2013,11,39.64,35.96,51.0,37.6,2438700.0,4.2,5.9,0.52,3.3,5.3,0.47,295.1,295.0,26.183333333333334,23.07,24.43,0.4525,,,12406.0,,,,,,,,,
2013,12,41.0,37.25,,38.75,2492900.0,4.9,7.5,0.67,4.2,5.9,0.52,165.79999999999998,331.0,26.31935483870968,23.34193548387097,24.561290322580643,0.44951612903225807,,,12406.0,,,,,,,,,
2014,1,40.25,36.5,,38.0,2125497.0,5.3,9.4,0.83,4.9,7.5,0.67,364.5,375.0,23.80322580645161,21.84193548387097,22.648387096774194,0.4531612903225806,,,11816.0,,,,,,,,,
2014,2,40.5,37.0,,38.0,2003813.0,4.2,9.4,0.83,5.3,9.4,0.83,119.0,155.0,25.142857142857142,21.95,23.325,0.41664285714285715,,,11816.0,,,,,,,,,
2014,3,41.04,36.8,,38.6,1784781.0,4.3,9.4,0.83,4.2,9.4,0.83,171.6,245.0,25.94193548387097,22.561290322580643,23.961290322580645,0.38961290322580644,,,11816.0,,,,,,,,,
2014,4,41.55,37.0,,39.45,2182481.0,5.0,9.9,0.88,4.3,9.4,0.83,366.8,261.0,26.55666666666667,23.236666666666668,24.71333333333333,0.4293666666666667,,,3230.0,,,,,,,,,
2014,5,42.0,37.0,,39.24,2520176.0,5.6,10.6,0.94,5.0,9.9,0.88,181.9,295.0,27.748387096774195,23.96451612903226,25.706451612903226,0.40616129032258064,,,3230.0,,,,,,,,,
2014,6,42.75,37.75,,39.55,2306164.0,5.2,10.9,0.97,5.6,10.6,0.94,223.4,246.0,27.73,24.066666666666666,25.553333333333335,0.44303333333333333,,,3230.0,,,,,,,,,
2014,7,44.46,37.86,,40.16,2025007.0,5.3,10.1,0.9,5.2,10.9,0.97,250.2,335.0,26.306451612903224,23.387096774193548,24.596774193548388,0.46606451612903227,,,6072.0,,,,,,,,,
2014,8,44.7,37.75,,40.35,1721784.0,5.1,9.8,0.87,5.3,10.1,0.9,230.6,231.0,27.190322580645162,23.187096774193545,24.88064516129032,0.42596774193548387,,,6072.0,,,,,,,,,
2014,9,44.49,37.22,,40.4,1488718.0,5.0,6.7,0.59,5.1,9.8,0.87,252.8,258.0,26.7,23.256666666666668,24.653333333333332,0.4465,,,6072.0,,,,,,,,,
2014,10,44.54,37.12,,40.2,1805310.0,5.7,7.0,0.62,5.0,6.7,0.59,386.2,323.0,26.48709677419355,23.051612903225806,24.438709677419357,0.4491612903225806,,,12412.0,,,,,,,,,
2014,11,43.88,36.35,,40.1,2952744.0,5.3,6.6,0.59,5.7,7.0,0.62,235.3,329.0,26.27,23.19,24.533333333333335,0.43526666666666664,,,12412.0,,,,,,,,,
2014,12,43.88,36.13,,40.18,3031531.0,4.3,5.0,0.44,5.3,6.6,0.59,348.0,323.0,25.79032258064516,22.919354838709676,24.154838709677417,0.45122580645161287,,,12412.0,,,,,,,,,
2015,1,43.96,35.8,,40.16,2662050.0,3.3,3.1,0.27,4.3,5.0,0.44,80.8,210.0,25.093548387096774,22.37741935483871,23.48709677419355,0.41935483870967744,80.0,4.0,10714.0,,,,,,,,,
2015,2,43.83,35.05,,39.93,2350600.0,3.0,2.7,0.24,3.3,3.1,0.27,24.2,110.0,25.292857142857144,22.12857142857143,23.474999999999998,0.3718214285714286,75.0,4.0,10714.0,,,,,,,,,
2015,3,43.64,35.16,,39.8,2265510.0,2.9,2.6,0.23,3.0,2.7,0.24,30.2,140.0,26.55483870967742,22.261290322580646,24.15806451612903,0.3157741935483871,72.0,4.0,10714.0,,,,,,,,,
2015,4,43.67,35.31,,39.6,2542680.0,2.2,1.6,0.14,2.9,2.6,0.23,46.6,172.0,27.89333333333333,23.503333333333334,25.40666666666667,0.2874333333333333,71.0,4.0,3362.0,,,,,,,,,
2015,5,43.13,,,39.43,3167250.0,1.6,0.8,0.07,2.2,1.6,0.14,84.2,174.0,28.374193548387098,23.961290322580645,26.02258064516129,0.29103225806451616,71.0,2.0,3362.0,,,,,,,,,
2015,6,42.93,34.36,,39.22,3019420.0,1.3,0.0,0.0,1.6,0.8,0.07,296.8,374.0,27.323333333333334,23.686666666666667,25.290000000000003,0.33876666666666666,79.0,2.0,3362.0,,,,,,,,,
2015,7,42.93,33.95,,38.53,2568190.0,0.9,-0.8,-0.07,1.3,0.0,0.0,169.6,242.0,26.94516129032258,23.50967741935484,25.032258064516128,0.4250322580645161,78.0,3.0,3412.0,,,,,,,,,
2015,8,43.11,34.33,,38.42,2244380.0,0.1,-5.3,-0.47,0.9,-0.8,-0.07,178.29999999999998,247.0,27.04516129032258,23.519354838709678,24.970967741935485,0.447741935483871,80.0,3.0,3412.0,,,,,,,,,
2015,9,43.08,34.3,,38.38,1955500.0,0.3,-1.3,-0.12,0.1,-5.3,-0.47,268.8,261.0,26.866666666666667,23.316666666666666,24.709999999999997,0.4528,82.0,3.0,3412.0,,,,,,,,,
2015,10,42.85,33.8,,38.4,2196180.0,-0.1,-1.6,-0.14,0.3,-1.3,-0.12,113.2,237.0,26.906451612903226,23.5258064516129,24.990322580645163,0.44283870967741934,78.0,3.0,11094.0,,,,,,,,,
2015,11,43.35,33.35,,38.13,3107300.0,-0.2,-1.6,-0.14,-0.1,-1.6,-0.14,194.1,268.0,26.576666666666664,23.586666666666666,24.863333333333333,0.43796666666666667,77.0,4.0,11094.0,,,,,,,,,
2015,12,42.73,32.67,,37.51,3441410.0,1.0,-1.5,-0.13,-0.2,-1.6,-0.14,182.0,214.0,26.219354838709677,23.419354838709676,24.58709677419355,0.43683870967741933,80.0,3.0,11094.0,,,,,,,,,
2016,1,42.58,32.55,,37.4,3198790.0,1.4,-1.3,-0.12,1.0,-1.5,-0.13,40.2,164.0,26.096774193548388,22.86774193548387,24.274193548387096,0.39799999999999996,77.0,4.0,9370.0,,,,,,,,,
2016,2,42.16,32.56,,37.49,2942840.0,1.3,-0.1,-0.01,1.4,-1.3,-0.12,78.2,190.0,26.03448275862069,22.824137931034482,24.13448275862069,0.3784137931034483,79.0,4.0,9370.0,,,,,,,,,
2016,3,42.38,32.56,,37.44,2674165.0,1.6,0.1,0.01,1.3,-0.1,-0.01,15.5,80.0,27.503225806451614,23.345161290322583,25.177419354838708,0.3261612903225807,72.0,3.0,9370.0,,,,,,,,,
2016,4,39.65,31.43,,36.63,3359008.0,2.0,0.7,0.06,1.6,0.1,0.01,29.2,119.0,29.006666666666668,24.40666666666667,26.423333333333336,0.28123333333333334,71.0,3.0,2276.0,,,,,,,,,
2016,5,40.96,33.32,,37.04,3689410.0,2.1,0.6,0.05,2.0,0.7,0.06,180.0,229.0,28.848387096774193,24.580645161290324,26.406451612903226,0.28383870967741937,74.0,3.0,2276.0,,,,,,,,,
2016,6,41.48,33.75,,37.35,3235290.0,2.3,0.9,0.08,2.1,0.6,0.05,376.0,339.0,27.69333333333333,23.77,25.48,0.3983,77.0,2.0,2276.0,,,,,,,,,
2016,7,41.47,33.13,49.33,37.8,2733640.0,2.3,0.3,0.03,2.3,0.9,0.08,230.3,305.0,27.19677419354839,23.76774193548387,25.27741935483871,0.45164516129032256,80.0,2.0,3060.0,,,,,,,,,
2016,8,41.53,33.53,49.33,37.7,2103160.0,2.9,4.5,0.4,2.3,0.3,0.03,103.5,153.0,27.52258064516129,24.174193548387095,25.532258064516128,0.43358064516129036,74.0,4.0,3060.0,,,,,,,,,
2016,9,41.65,33.58,49.33,37.7,1775760.0,2.2,0.0,0.0,2.9,4.5,0.4,290.2,261.0,27.223333333333336,23.61,25.08,0.4428,80.0,2.0,3060.0,,,,,,,,,
2016,10,41.73,33.76,49.33,37.69,2286570.0,2.2,-0.8,-0.07,2.2,0.0,0.0,358.4,356.0,26.76774193548387,23.406451612903226,24.796774193548387,0.4540322580645161,83.0,3.0,12386.0,,,,,,,,,
2016,11,41.73,33.76,49.33,37.84,3302330.0,3.0,-0.3,-0.02,2.2,-0.8,-0.07,333.5,347.0,26.236666666666668,23.303333333333335,24.576666666666664,0.4454333333333333,81.0,3.0,12386.0,,,,,,,,,
2016,12,41.78,34.08,49.33,37.95,3338980.0,1.7,-0.6,-0.05,3.0,-0.3,-0.02,186.4,321.0,26.416129032258063,23.299999999999997,24.62258064516129,0.4565806451612903,83.0,3.0,12386.0,,,,,,,,,
2017,1,41.82,33.6,49.2,38.0,2765120.0,2.1,-0.9,-0.08,1.7,-0.6,-0.05,370.2,333.0,25.480645161290322,21.25483870967742,23.048387096774192,0.47122580645161294,83.0,4.0,10310.0,,,,,,,,,
2017,2,41.8,33.65,48.83,38.03,2296321.0,2.6,-2.2,-0.2,2.1,-0.9,-0.08,107.60000000000001,158.0,25.589285714285715,20.67142857142857,22.8,0.45496428571428577,78.0,5.0,10310.0,,,,,,,,,
2017,3,41.68,33.73,48.5,38.03,2176201.0,1.8,-2.4,-0.21,2.6,-2.2,-0.2,230.3,268.0,26.387096774193548,21.006451612903227,23.33225806451613,0.4513870967741936,79.0,4.0,10310.0,,,,,,,,,
2017,4,41.48,33.68,48.5,37.95,2675545.0,1.6,-2.5,-0.22,1.8,-2.4,-0.21,119.60000000000001,230.0,27.55666666666667,21.896666666666665,24.416666666666668,0.44666666666666666,79.0,3.0,3130.0,,,,,,,,,
2017,5,41.42,33.44,48.0,37.94,3214184.0,1.6,-2.1,-0.19,1.6,-2.5,-0.22,285.7,335.0,27.83225806451613,22.835483870967742,24.996774193548386,0.4030967741935484,79.0,2.0,3130.0,,,,,,,,,
2017,6,41.36,33.58,48.0,37.89,2572937.0,1.7,-2.1,-0.19,1.6,-2.1,-0.19,248.8,325.0,27.64333333333333,22.446666666666665,24.663333333333334,0.4452,79.0,2.0,3130.0,,,,,,,,,
2017,7,41.33,33.64,48.0,37.91,2347896.0,1.8,-0.7,-0.06,1.7,-2.1,-0.19,367.4,392.0,26.770967741935483,22.187096774193545,24.032258064516128,0.4986774193548387,82.0,2.0,4488.0,,,,,,,,,
2017,8,41.4,33.55,48.0,37.88,2027999.0,2.3,0.5,0.04,1.8,-0.7,-0.06,219.2,336.0,27.35483870967742,22.18064516129032,24.338709677419356,0.4748709677419355,80.0,3.0,4488.0,,,,,,,,,
2017,9,41.85,33.5,47.67,38.1,1422835.0,2.9,0.4,0.04,2.3,0.5,0.04,255.1,304.0,27.226666666666667,22.246666666666666,24.296666666666667,0.4748333333333334,83.0,2.0,4488.0,,,,,,,,,
2017,10,42.08,33.64,48.67,37.9,1935868.0,2.7,1.2,0.11,2.9,0.4,0.04,340.3,341.0,26.39032258064516,22.074193548387097,23.906451612903226,0.48796774193548387,81.0,3.0,11100.0,,,,,,,,,
2017,11,43.0,34.0,48.67,38.13,2958730.0,2.2,0.6,0.05,2.7,1.2,0.11,195.4,315.0,26.96333333333333,22.153333333333332,24.096666666666668,0.4825333333333333,81.0,3.0,11100.0,,,,,,,,,
2017,12,43.1,34.15,49.0,38.15,2849370.0,1.8,0.8,0.07,2.2,0.6,0.05,317.8,338.0,26.093548387096774,21.532258064516128,23.496774193548386,0.4583548387096774,82.0,3.0,11100.0,,,,,,,,,
2018,1,43.05,34.38,49.0,37.98,2289649.0,2.7,-0.1,-0.01,1.8,0.8,0.07,286.2,304.0,25.838709677419356,21.470967741935485,23.238709677419354,0.48258064516129034,83.0,4.0,10574.0,3.165,50862.0,,,,,,,
2018,2,43.13,34.15,49.0,37.95,1795783.0,3.1,0.4,0.04,2.7,-0.1,-0.01,198.1,235.0,26.267857142857142,21.067857142857143,23.282142857142855,0.45675,79.0,4.0,10574.0,3.165,50862.0,,,,,,,
2018,3,43.25,34.2,49.0,38.0,1697374.0,5.3,2.5,0.22,3.1,0.4,0.04,81.4,160.0,27.09032258064516,21.070967741935487,23.738709677419354,0.41200000000000003,77.0,4.0,10574.0,3.165,50862.0,,,,,,,
2018,4,43.73,34.3,48.67,37.89,2182668.0,6.2,3.2,0.28,5.3,2.5,0.22,67.7,213.0,28.15666666666667,21.973333333333336,24.69,0.3576333333333333,76.0,3.0,3248.0,3.165,50862.0,,,,,,,
2018,5,44.47,34.93,,38.49,2909456.0,6.1,3.2,0.28,6.2,3.2,0.28,143.9,286.0,28.461290322580645,22.6,25.15806451612903,0.32832258064516134,75.0,3.0,3248.0,3.165,50862.0,,,,,,,
2018,6,46.15,38.9,,40.78,2360984.0,6.2,5.3,0.47,6.1,3.2,0.28,193.2,247.0,27.876666666666665,22.46333333333333,24.796666666666667,0.30796666666666667,77.0,3.0,3248.0,3.165,50862.0,,,,,,,
2018,7,46.75,40.15,52.0,43.03,1990822.0,5.7,6.9,0.61,6.2,5.3,0.47,138.1,279.0,27.39032258064516,22.432258064516127,24.47741935483871,0.34448387096774197,76.0,4.0,4014.0,3.2075,44728.0,,,,,,,
2018,8,47.58,41.75,54.0,43.6,1520764.0,5.1,6.1,0.54,5.7,6.9,0.61,108.1,234.0,27.851612903225806,22.43548387096774,24.76774193548387,0.32403225806451613,72.0,4.0,4014.0,3.2075,44728.0,,,,,,,
2018,9,49.05,44.05,54.92,45.83,1168028.0,5.7,6.7,0.59,5.1,6.1,0.54,158.4,331.0,27.290000000000003,22.046666666666667,24.2,0.32403333333333334,78.0,4.0,4014.0,3.2075,44728.0,,,,,,,
2018,10,49.0,42.6,,45.43,1589893.0,5.3,7.0,0.62,5.7,6.7,0.59,138.2,310.0,27.40967741935484,21.887096774193548,24.23548387096774,0.35612903225806447,79.0,3.0,9960.0,3.2075,44728.0,,,,,,,
2018,11,47.28,41.63,,44.55,3000445.0,5.6,4.8,0.43,5.3,7.0,0.62,265.4,365.0,26.793333333333333,21.740000000000002,23.826666666666664,0.4124,80.0,3.0,9960.0,3.2075,44728.0,,,,,,,
2018,12,47.55,40.73,,44.3,2718483.0,5.1,4.8,0.43,5.6,4.8,0.43,297.1,358.0,26.348387096774193,21.629032258064516,23.570967741935487,0.4763548387096774,82.0,4.0,9960.0,3.2075,44728.0,,,,,,,
2019,1,48.18,40.3,49.0,44.33,2550701.0,4.1,5.3,0.47,5.1,4.8,0.43,103.9,226.0,25.51290322580645,20.574193548387097,22.68064516129032,0.4790645161290322,77.0,5.0,8990.0,3.395,50532.0,,,,,,,
2019,2,48.25,40.58,,44.28,2141232.0,2.7,4.8,0.43,4.1,5.3,0.47,40.699999999999996,128.0,25.95,19.542857142857144,22.571428571428573,0.4293571428571429,74.0,4.0,8990.0,3.395,50532.0,,,,,,,
2019,3,47.3,39.6,,43.65,2221423.0,1.4,2.7,0.24,2.7,4.8,0.43,66.0,119.0,27.693548387096776,20.396774193548385,23.729032258064517,0.35806451612903223,72.0,4.0,8990.0,3.395,50532.0,,,,,,,
2019,4,46.46,40.3,,43.3,2629031.85,1.6,1.6,0.14,1.4,2.7,0.24,64.5,112.0,29.970000000000002,21.836666666666666,25.466666666666665,0.2970333333333333,73.0,3.0,2584.0,3.395,50532.0,,,,,,,
2019,5,44.93,39.7,,41.9,2947423.99,1.6,-0.8,-0.07,1.6,1.6,0.14,135.8,298.0,29.583870967741937,23.067741935483873,25.874193548387098,0.2761290322580645,73.0,2.0,2584.0,3.395,50532.0,,,,,,,
2019,6,45.63,39.1,,41.7,2598338.8,0.2,-3.8,-0.34,1.6,-0.8,-0.07,141.7,333.0,28.446666666666665,22.98,25.27,0.2846,73.0,3.0,2584.0,3.395,50532.0,,,,,,,
2019,7,44.83,39.3,,41.7,2625253.8,0.5,-8.2,-0.73,0.2,-3.8,-0.34,256.6,399.0,27.23548387096774,22.135483870967743,24.26451612903226,0.3164516129032258,79.0,3.0,2866.0,3.3075,37207.0,,,,,,,
2019,8,45.18,39.25,,41.53,2133840.0,0.9,-7.8,-0.69,0.5,-8.2,-0.73,125.5,296.0,27.893548387096775,22.583870967741937,24.816129032258065,0.3332258064516129,74.0,4.0,2866.0,3.3075,37207.0,,,,,,,
2019,9,45.28,39.35,,41.6,1842373.0,0.3,-9.6,-0.85,0.9,-7.8,-0.69,64.8,204.0,28.383333333333333,22.59333333333333,25.09333333333333,0.31703333333333333,73.0,3.0,2866.0,3.3075,37207.0,,,,,,,
2019,10,44.83,39.37,,41.83,2279729.0,-0.3,-11.5,-1.02,0.3,-9.6,-0.85,200.9,366.0,27.94516129032258,21.970967741935485,24.5,0.2984838709677419,78.0,2.0,8378.0,3.3075,37207.0,,,,,,,
2019,11,,,,,2962460.0,0.3,-9.6,-0.85,-0.3,-11.5,-1.02,107.5,275.0,27.366666666666667,22.096666666666668,24.253333333333334,0.3128666666666666,77.0,3.0,8378.0,3.3075,37207.0,,,,,,,
2019,12,44.46,39.28,,41.66,3098013.0,1.4,-9.6,-0.85,0.3,-9.6,-0.85,177.7,319.0,26.80322580645161,21.72258064516129,23.748387096774195,0.3310967741935484,80.0,3.0,8378.0,3.3075,37207.0,,,,,,,
2020,1,45.07,39.1,,41.5,2675039.0,2.0,-9.0,-0.8,1.4,-9.6,-0.85,80.4,294.0,26.806451612903224,21.38064516129032,23.70967741935484,0.34,79.0,4.0,6374.0,3.1299999999999994,47791.0,,,,,,,
2020,2,,,,,2375497.0,2.2,-10.1,-0.9,2.0,-9.0,-0.8,105.0,277.0,26.52758620689655,20.693103448275863,23.17241379310345,0.3400344827586207,78.0,5.0,6374.0,3.1299999999999994,47791.0,,,,,,,
2020,3,45.4,38.58,,41.28,2178636.0,1.6,-10.0,-0.89,2.2,-10.1,-0.9,55.3,141.0,29.05483870967742,21.345161290322583,24.780645161290323,0.294258064516129,71.0,3.0,6374.0,3.1299999999999994,47791.0,,,,,,,
2020,4,46.4,38.8,,41.8,2367873.0,0.1,-8.6,-0.76,1.6,-10.0,-0.89,30.1,138.0,31.0,22.413333333333334,26.220000000000002,0.2514,71.0,3.0,3998.0,3.1299999999999994,47791.0,,,,,,,
2020,5,46.13,40.45,,42.2,2779030.0,0.0,-6.3,-0.56,0.1,-8.6,-0.76,169.3,322.0,30.029032258064515,23.238709677419354,26.203225806451613,0.22274193548387097,75.0,3.0,3998.0,3.1299999999999994,47791.0,,,,,,,
2020,6,46.75,40.7,,42.58,2395941.0,2.7,-3.3,-0.29,0.0,-6.3,-0.56,259.0,369.0,28.053333333333335,22.603333333333335,24.90666666666667,0.20503333333333332,78.0,2.0,3998.0,3.1299999999999994,47791.0,,,,,,,
2020,7,47.4,41.2,,43.4,2104760.0,2.7,-1.7,-0.15,2.7,-3.3,-0.29,286.7,429.0,27.635483870967743,22.225806451612904,24.48709677419355,0.32067741935483873,79.0,2.0,2594.0,3.345,36214.0,,,,,,,
2020,8,48.0,40.4,,43.7,1786250.0,1.7,-2.5,-0.22,2.7,-1.7,-0.15,214.1,338.0,27.703225806451613,22.416129032258063,24.65806451612903,0.3766451612903226,80.0,3.0,2594.0,3.345,36214.0,,,,,,,
2020,9,48.54,40.96,,43.78,1784820.0,1.2,-1.9,-0.17,1.7,-2.5,-0.22,280.4,369.0,27.756666666666668,22.303333333333335,24.61,0.3839333333333333,80.0,2.0,2594.0,3.345,36214.0,,,,,,,
2020,10,47.65,40.6,,43.7,2641080.0,1.9,-0.1,-0.01,1.2,-1.9,-0.17,373.4,461.0,26.783870967741933,22.293548387096774,24.038709677419355,0.454258064516129,83.0,3.0,9446.0,3.345,36214.0,,,,,,,
2020,11,47.45,40.85,,43.6,3158538.0,1.5,-0.4,-0.04,1.9,-0.1,-0.01,164.9,316.0,27.043333333333333,22.116666666666667,24.10666666666667,0.46826666666666666,81.0,3.0,9446.0,3.345,36214.0,,,,,,,
2020,12,48.35,40.95,,44.05,2766398.0,1.7,0.6,0.05,1.5,-0.4,-0.04,241.8,394.0,26.69677419354839,22.0258064516129,23.88064516129032,0.471741935483871,84.0,3.0,9446.0,3.345,36214.0,,,,,,,
2021,1,47.9,40.95,,43.8,2331995.0,0.7,-1.2,-0.11,1.7,0.6,0.05,339.9,411.0,25.812903225806455,21.406451612903226,23.187096774193545,0.49725806451612903,84.0,4.0,8000.0,3.11,44521.0,1158.95,,671.82,1186.14,1050.0,1331.67,1615.45
2021,2,,,,,2193099.02,0.4,-1.8,-0.16,0.7,-1.2,-0.11,301.4,382.0,26.00357142857143,21.332142857142856,23.214285714285715,0.4936428571428571,82.0,4.0,8000.0,3.11,44521.0,,,,,,,
2021,3,,,,,2080100.35,0.9,-2.0,-0.18,0.4,-1.8,-0.16,177.29999999999998,332.0,26.990322580645163,21.44516129032258,23.951612903225808,0.4389354838709677,77.0,3.0,8000.0,3.11,44521.0,1226.0,,706.67,1280.0,1200.0,1331.67,1830.0
2021,4,,,,,2444308.9,2.3,-5.6,-0.5,0.9,-2.0,-0.18,114.9,287.0,27.473333333333336,21.796666666666667,24.293333333333333,0.3899,75.0,4.0,4456.0,3.11,44521.0,1172.75,,573.33,1200.065,961.67,1200.0,1633.335
2021,5,,,,,2584897.35,2.2,-4.2,-0.37,2.3,-5.6,-0.5,286.5,414.0,27.874193548387098,22.603225806451615,24.793548387096774,0.36038709677419356,78.0,3.0,4456.0,3.11,44521.0,1194.0,,715.3,1212.29,950.94,1249.47,1768.44
2021,6,,,,,2530823.49,0.7,-6.6,-0.59,2.2,-4.2,-0.37,329.6,327.0,27.416666666666668,22.293333333333333,24.476666666666667,0.4651666666666667,80.0,2.0,4456.0,3.11,44521.0,,,,,,,
2021,7,43.95,38.45,,39.95,2177681.0,0.2,-4.4,-0.39,0.7,-6.6,-0.59,196.4,276.0,27.69677419354839,22.68064516129032,24.82903225806452,0.47580645161290325,76.0,4.0,3380.0,3.5125000000000006,51542.0,1293.045,,758.51,1189.765,1071.65,1225.55,1901.345
2021,8,44.36,38.08,,39.88,1578312.23,1.3,1.2,0.11,0.2,-4.4,-0.39,235.9,346.0,27.629032258064516,22.287096774193547,24.551612903225806,0.40825806451612906,78.0,3.0,3380.0,3.5125000000000006,51542.0,1521.5,,818.855,1267.5825,1189.585,1392.2075,2046.04
2021,9,44.32,39.36,,40.36,1332356.9,1.5,-4.7,-0.42,1.3,1.2,0.11,242.6,375.0,27.086666666666666,22.016666666666666,24.18,0.47240000000000004,80.0,2.0,3380.0,3.5125000000000006,51542.0,1603.5466666666664,,850.6066666666667,1300.1033333333337,1258.96,1397.11,2044.4433333333332
2021,10,44.4,39.25,,40.25,1954720.67,1.7,-4.5,-0.4,1.5,-4.7,-0.42,370.20000000000005,435.0,27.048387096774192,22.096774193548388,24.080645161290324,0.4780967741935484,82.0,3.0,8562.0,3.5125000000000006,51542.0,1701.0,,922.5,1382.0,1360.0,1460.0,2160.0
2021,11,45.24,39.2,,40.48,2418429.07,2.4,-5.0,-0.44,1.7,-4.5,-0.4,224.5,397.0,27.209999999999997,21.783333333333335,23.976666666666667,0.48196666666666665,80.0,3.0,8562.0,3.5125000000000006,51542.0,2112.6275,,989.6725,1486.545,1416.24,1513.75,2193.3325
2021,12,45.43,39.3,,40.65,2377846.29,2.1,-5.7,-0.51,2.4,-5.0,-0.44,368.90000000000003,354.0,26.248387096774195,21.387096774193548,23.32903225806452,0.48051612903225804,,5.0,8562.0,3.5125000000000006,51542.0,2412.5,,1180.71,1681.25,1494.29,1630.0,2338.33
2022,1,45.29,39.44,,41.38,1859447.81,7.2,-0.7,-0.06,2.1,-5.7,-0.51,146.9,275.0,26.070967741935487,20.787096774193547,23.083870967741937,0.4711290322580645,75.0,4.0,5670.0,2.925,53213.0,2534.643333333333,,1236.07,1658.43,1505.6366666666663,1668.0,2485.556666666667
2022,2,45.44,39.76,,41.56,1609248.25,8.6,1.4,0.12,7.2,-0.7,-0.06,150.7,237.0,26.525000000000002,20.910714285714285,23.25,0.4541071428571429,75.0,5.0,5670.0,2.925,53213.0,2569.81,,1394.6666666666667,1827.9033333333332,1590.0,1750.8333333333333,2836.39
2022,3,45.6,39.85,,41.65,1632510.0,7.1,0.2,0.02,8.6,1.4,0.12,274.6,340.0,27.041935483870965,21.719354838709677,24.016129032258064,0.47600000000000003,77.0,4.0,5670.0,2.925,53213.0,2634.0,,1432.0,1882.5,1664.585,1830.0,2900.0
2022,4,45.55,39.95,,41.65,2506130.0,8.0,1.6,0.14,7.1,0.2,0.02,493.0,403.0,26.743333333333332,21.733333333333334,23.766666666666666,0.4625333333333333,78.0,3.0,4245.66,2.925,53213.0,3050.0,,1592.5,2005.0,1860.0,2310.0,3350.0
2022,5,45.72,39.96,,41.76,2279957.29,8.3,-1.5,-0.13,8.0,1.6,0.14,197.1,302.0,27.783870967741933,22.06451612903226,24.625806451612902,0.4144516129032258,75.0,3.0,4245.66,2.925,53213.0,3057.5,,1527.5,2181.0,2153.25,2607.915,3612.5
2022,6,45.75,40.1,,41.75,2090620.07,8.6,-0.8,-0.07,8.3,-1.5,-0.13,172.2,331.0,27.716666666666665,21.976666666666667,24.526666666666664,0.42279999999999995,72.0,2.0,4245.66,2.925,53213.0,3064.83,,1565.75,2341.5,2232.1666666666665,2516.6833333333334,3740.5
2022,7,45.7,39.95,,41.8,2034574.68,10.2,-1.4,-0.12,8.6,-0.8,-0.07,393.6,393.0,27.480645161290322,22.0,24.248387096774195,0.4493548387096774,78.0,3.0,4540.14,3.4275,51092.0,2884.0,,1665.0,2382.0,2250.0,2650.0,3825.0
2022,8,45.8,40.04,,43.16,1633359.3,10.7,-5.5,-0.49,10.2,-1.4,-0.12,276.3,333.0,27.416129032258063,21.73548387096774,24.206451612903226,0.4782258064516129,78.0,2.0,4540.14,3.4275,51092.0,2791.25,2775.0,1427.5,2296.0,2232.0,2521.75,
2022,9,45.85,40.55,,41.9,1450885.19,11.6,1.1,0.1,10.7,-5.5,-0.49,180.8,259.0,27.756666666666668,22.19333333333333,24.509999999999998,0.44706666666666667,75.0,3.0,4540.14,3.4275,51092.0,2600.0,2605.0,1377.9175,2320.5825,2250.0,2578.125,
2022,10,46.05,40.55,,41.9,2081839.99,10.8,0.9,0.08,11.6,1.1,0.1,272.8,376.0,27.345161290322583,22.0258064516129,24.238709677419354,0.42174193548387096,82.0,3.0,9340.8,3.4275,51092.0,2610.625,2585.0,1317.7766666666666,2057.75,2257.9175,2509.75,2577.5
2022,11,45.68,40.08,,41.96,2649810.0,10.7,1.1,0.1,10.8,0.9,0.08,196.9,347.0,27.206666666666667,21.89,24.08,0.46136666666666665,81.0,3.0,9340.8,3.4275,51092.0,2524.7,2525.0,1290.0,2290.4,2176.5,2595.0,4333.333333333333
2022,12,45.7,39.95,,41.9,2534590.0,10.4,1.5,0.13,10.7,1.1,0.1,276.3,396.0,26.190322580645162,21.44193548387097,23.370967741935484,0.4838064516129032,84.0,4.0,9340.8,3.4275,51092.0,2420.0,,1183.71,2235.0,2784.9175,2662.6875,3989.6675
2023,1,46.0,39.88,,42.88,1850450.0,7.9,-1.3,-0.12,10.4,1.5,0.13,477.8,476.0,25.448387096774194,21.096774193548388,22.79032258064516,0.49199999999999994,86.0,4.0,7971.16,2.74,52788.0,2358.668,,1194.67,2221.332,2664.666,2736.25,3431.776666666666
2023,2,45.86,38.78,,42.59,1523032.91,7.5,-1.1,-0.1,7.9,-1.3,-0.12,167.2,281.0,26.592857142857145,21.150000000000002,23.353571428571428,0.4749285714285714,83.0,4.0,7971.16,2.74,52788.0,2163.75,,1082.1425,2157.2925,2121.0,2701.875,3978.125
2023,3,46.73,40.24,,43.32,1408846.11,8.1,0.5,0.04,7.5,-1.1,-0.1,118.3,240.0,27.051612903225806,20.86774193548387,23.548387096774192,0.4333548387096774,74.0,4.0,7971.16,2.74,52788.0,2034.25,,1026.43,2076.25,2058.0,2657.5,3559.0
2023,4,47.4,41.15,,44.03,1843053.31,5.8,2.7,0.24,8.1,0.5,0.04,60.6,200.0,29.053333333333335,21.959999999999997,25.220000000000002,0.3345666666666666,72.0,3.0,3358.0,2.74,52788.0,1943.5,,1009.7325,2050.375,1984.0825,2518.3325,3511.625
2023,5,47.4,41.06,,44.03,1882057.73,5.4,4.8,0.43,5.8,2.7,0.24,249.9,324.0,28.674193548387095,22.67096774193548,25.164516129032258,0.3345483870967742,77.0,3.0,3358.0,2.74,52788.0,1812.0,,948.75,1894.8,1879.0,2455.625,3303.125
2023,6,47.4,40.83,,44.04,1818204.9,5.6,4.6,0.41,5.4,4.8,0.43,255.7,329.0,28.146666666666665,22.209999999999997,24.67,0.3451,79.0,2.0,3358.0,2.74,52788.0,1571.25,,851.0,1881.0,1728.33,2309.0,3240.0
2023,7,47.57,42.29,,44.67,1804168.98,4.6,5.0,0.44,5.6,4.6,0.41,196.8,346.0,27.493548387096773,22.225806451612904,24.416129032258063,0.38051612903225807,78.0,4.0,3902.0,3.3225,49823.0,1523.066,,793.732,1694.072,1605.332,2268.4,3095.0
2023,8,51.59,46.54,,48.78,1632450.91,2.5,6.5,0.58,4.6,5.0,0.44,126.4,240.0,28.68064516129032,22.106451612903225,24.919354838709676,0.3494516129032258,76.0,4.0,3902.0,3.3225,49823.0,1649.0,,805.0,1666.875,1561.5,2239.0,3093.75
2023,9,53.2,49.14,,51.47,1546094.52,2.0,11.7,1.04,2.5,6.5,0.58,229.3,300.0,28.71333333333333,22.05666666666667,24.790000000000003,0.33916666666666667,78.0,3.0,3902.0,3.3225,49823.0,1862.0975,,904.83,1746.7175,1646.5425,2332.785,3295.625
2023,10,54.24,49.35,,53.14,2024327.23,2.6,11.1,0.98,2.0,11.7,1.04,204.2,318.0,28.20967741935484,21.85483870967742,24.48709677419355,0.36270967741935484,80.0,3.0,8861.2,3.3225,49823.0,1847.085,1881.25,869.2,1715.5,1986.4575,2284.375,2709.9175
2023,11,60.1,54.74,,57.83,1978558.36,1.9,16.0,1.42,2.6,11.1,0.98,161.0,305.0,27.966666666666665,21.953333333333333,24.339999999999996,0.34773333333333334,77.0,4.0,8861.2,3.3225,49823.0,1793.5,1777.5,820.0,1624.0,1528.0,2226.25,3012.5
2023,12,60.2,55.49,,58.09,1895782.56,2.1,16.8,1.49,1.9,16.0,1.42,134.6,310.0,27.496774193548386,21.4741935483871,24.051612903225806,0.35419354838709677,78.0,4.0,8861.2,3.3225,49823.0,1637.5,1707.5,803.3325,1577.0,1482.0,2125.0,2918.75
2024,1,59.92,55.16,,57.66,2027180.48,-0.4,18.2,1.61,2.1,16.8,1.49,69.7,192.0,27.490322580645163,21.096774193548388,23.845161290322583,0.33812903225806457,75.0,5.0,7255.76,2.7,49473.0,1592.5,1670.0,808.332,1566.0,1480.4,2107.0,2860.0
2024,2,59.44,54.93,,57.36,1510976.97,-0.2,18.4,1.63,-0.4,18.2,1.61,64.9,182.0,27.917241379310347,20.76551724137931,23.95862068965517,0.3168620689655172,75.0,4.0,7255.76,2.7,49473.0,1607.625,,812.6175000000001,1561.75,1470.75,2029.8125,2826.875
2024,3,58.76,54.21,,56.13,1366188.44,0.3,17.9,1.59,-0.2,18.4,1.63,48.6,138.0,30.229032258064517,21.06451612903226,25.274193548387096,0.2882258064516129,70.0,4.0,7255.76,2.7,49473.0,1620.0725,,808.96,1573.25,1458.665,1973.5625,2801.875
2024,4,58.1,53.47,,55.25,1856160.79,0.2,16.9,1.5,0.3,17.9,1.59,43.4,141.0,31.88,22.246666666666666,26.663333333333334,0.27770000000000006,69.0,4.0,1300.0,2.7,49473.0,1614.69,,814.4175,1581.5625,1461.5825,1948.125,2781.25
2024,5,57.66,52.92,,54.77,2075770.81,2.3,15.3,1.36,0.2,16.9,1.5,87.4,193.0,32.25806451612903,23.470967741935485,27.416129032258063,0.28064516129032263,68.0,3.0,1300.0,2.7,49473.0,1587.5,,817.5,1578.125,1456.25,1915.0,2733.33
2024,6,57.28,52.79,,54.64,2163673.78,4.5,16.3,1.45,2.3,15.3,1.36,247.2,362.0,28.87,22.39333333333333,25.153333333333332,0.31903333333333334,76.0,2.0,1300.0,2.7,49473.0,1497.2,1550.0,751.5,1512.0,1347.7,1820.0,2693.33
2024,7,54.96,51.1,,53.3,2177878.72,4.0,15.1,1.34,4.5,16.3,1.45,397.3,393.0,27.561290322580643,22.09032258064516,24.27741935483871,0.42929032258064515,79.0,2.0,2212.0,3.28,39020.0,1517.3,,750.8,1501.3,1332.25,1812.0,2700.0
2024,8,54.25,49.97,,53.06,1867641.11,3.0,11.7,1.04,4.0,15.1,1.34,221.0,302.0,28.34193548387097,22.135483870967743,24.76451612903226,0.45248387096774195,78.0,3.0,2212.0,3.28,39020.0,1518.0,,762.0,1504.0625,1337.5,1808.125,2691.67
2024,9,54.73,50.21,,53.06,1659232.97,0.7,5.7,0.51,3.0,11.7,1.04,218.3,329.0,27.883333333333333,22.426666666666666,24.703333333333333,0.4668,78.0,3.0,2212.0,3.28,39020.0,1518.0,,765.268,1502.75,1337.75,1804.0,2653.334
2024,10,54.77,50.17,,53.0,2281614.84,2.8,5.7,0.51,0.7,5.7,0.51,272.0,360.0,27.567741935483873,22.051612903225806,24.258064516129032,0.4546451612903226,78.0,3.0,9125.6,3.28,39020.0,1516.5,,775.1675,1505.0,1334.5,1791.875,2645.8325
2024,11,54.28,49.75,,52.96,2461441.52,2.8,2.3,0.2,2.8,5.7,0.51,128.2,263.0,28.833333333333332,21.813333333333333,24.766666666666666,0.34503333333333336,77.0,3.0,9125.6,3.28,39020.0,1519.5,,766.4575,1497.75,1672.75,1778.4375,2300.0
2024,12,54.96,49.45,,53.08,2556602.38,3.5,-0.1,-0.01,2.8,2.3,0.2,238.2,402.0,27.312903225806455,21.635483870967743,23.838709677419356,0.3168709677419355,81.0,3.0,9125.6,3.28,39020.0,1544.0,,766.0,1492.0,1359.0,1746.875,2625.0
2025,1,54.87,47.79,,53.02,2200210.01,3.2,-2.0,-0.18,3.5,-0.1,-0.01,324.9,347.0,27.096774193548388,21.15806451612903,23.477419354838712,0.3558064516129032,,,7987.12,2.7825,47797.0,1602.0,,819.335,1545.375,1417.0,1921.875,2798.335
2025,2,54.8,47.62,,52.96,2006140.99,3.5,-3.4,-0.3,3.2,-2.0,-0.18,217.8,277.0,26.767857142857142,20.810714285714287,23.271428571428572,0.34485714285714286,,,7987.12,2.7825,47797.0,,,,,,,
2025,3,52.86,37.31,,51.06,1611715.32,3.8,-5.4,-0.48,3.5,-3.4,-0.3,199.4,322.0,27.606451612903225,21.312903225806455,23.951612903225808,0.3302258064516129,,,7987.12,2.7825,47797.0,,,,,,,
2025,4,49.64,33.92,,47.68,2341826.7,2.8,-9.8,-0.87,3.8,-5.4,-0.48,85.3,236.0,30.336666666666666,21.743333333333332,25.509999999999998,0.28823333333333334,,,4526.0,2.7825,47797.0,1763.215,,890.39,1610.5949999999998,1498.8200000000002,1719.385,2792.955
2025,5,48.97,32.89,,46.96,2358648.99,0.5,-11.7,-1.04,2.8,-9.8,-0.87,185.1,357.0,29.33225806451613,22.112903225806452,25.032258064516128,0.28877419354838707,,,4526.0,2.7825,47797.0,,,,,,,
2025,6,48.78,31.41,,46.8,2239878.09,-0.8,-12.4,-1.1,0.5,-11.7,-1.04,269.5,307.0,28.08,21.773333333333333,24.209999999999997,0.31443333333333334,,,4526.0,2.7825,47797.0,1764.67,,902.95,1652.2,1533.75,1884.285,2835.28
2025,7,48.18,30.79,,46.3,2790554.75,-1.0,-12.6,-1.12,-0.8,-12.4,-1.1,138.2,235.0,28.52258064516129,22.238709677419354,24.851612903225806,0.3055806451612903,,,4115.0,3.4675,40669.0,,,,,,,
2025,8,47.05,31.24,,44.83,2321437.85,3.1,-13.0,-1.15,-1.0,-12.6,-1.12,236.8,342.0,28.461290322580645,21.480645161290322,24.19677419354839,0.28454838709677416,,,4115.0,3.4675,40669.0,,,,,,,
2025,9,46.95,31.94,,44.7,2072433.22,5.3,-12.0,-1.06,3.1,-13.0,-1.15,338.5,309.0,27.513333333333332,21.456666666666667,23.84333333333333,0.3408,,,4115.0,3.4675,40669.0,,,,,,,
2025,10,47.0,32.3,,44.71,2354896.32,2.4,-11.7,-1.04,5.3,-12.0,-1.06,406.90000000000003,395.0,27.387096774193548,21.364516129032257,23.625806451612902,0.4005483870967742,,,8805.26,3.4675,40669.0,,,,,,,
2025,11,49.55,37.06,,47.81,2554138.42,3.5,-11.2,-0.99,2.4,-11.7,-1.04,494.9,348.0,26.96333333333333,21.636666666666667,23.776666666666664,0.48369999999999996,,,8805.26,3.4675,40669.0,,,,,,,
2025,12,52.4,41.65,,50.1,2707224.79,5.1,-9.4,-0.83,3.5,-11.2,-0.99,223.6,347.0,26.858064516129033,21.425806451612903,23.5258064516129,0.45880645161290323,,,8805.26,3.4675,40669.0,1640.71,,823.33,1607.62,1530.0,1900.0,
2026,1,53.8,42.16,,51.66,2341155.06,7.3,-6.5,-0.58,5.1,-9.4,-0.83,218.2,232.0,26.080645161290324,20.625806451612902,22.783870967741933,0.46480645161290324,,,,,,,,,,,,
2026,2,59.53,44.36,,57.63,2112282.15,8.0,-6.4,-0.57,7.3,-6.5,-0.58,378.6,327.0,26.27857142857143,20.682142857142857,22.832142857142856,0.48375,,,,,,,,,,,,
2026,3,63.63,51.01,,61.81,1877328.88,9.1,-1.2,-0.11,8.0,-6.4,-0.57,82.7,170.0,27.15806451612903,19.929032258064513,23.1,0.42590322580645157,,,,,,,,,,,,
2026,4,62.58,48.68,,60.55,2378655.18,12.9,6.3,0.56,9.1,-1.2,-0.11,47.3,155.0,29.816666666666666,20.903333333333332,25.06,0.3129,,,,,,,,,,,,
2026,5,55.43,44.15,,53.28,2410587.01,13.6,10.9,0.97,12.9,6.3,0.56,143.4,278.0,29.951612903225808,22.616129032258065,25.87741935483871,0.2892903225806452,,,,,,,,,,,,
2026,6,53.53,44.95,,51.31,2349596.02,12.4,9.9,0.88,13.6,10.9,0.97,178.4,319.0,29.696666666666665,22.466666666666665,25.35,0.2929,,,,,,,,,,,,
2026,7,53.36,45.72,,50.94,2509178.82,10.9,6.3,0.56,12.4,9.9,0.88,270.5,400.0,28.203225806451613,21.887096774193548,24.37741935483871,0.3038387096774194,,,,,,,,,,,,
