rice_stock_total_mt,headline_inflation_lag1,rice_inflation_lag1,rice_contribution_lag1,rainfall,rain_hours,tmax,tmin,tmean,soil_moisture,rh,wind_speed,palay_production_mt,fert_urea_prilled,fert_ammosul,fert_complete,fert_ammophos,fert_mop,fert_dap,own_price_lag1,own_price_lag2,own_price_lag3,own_price_roll3
1.3025724619037342,0.06921504096748284,-0.2755466738428965,-0.27986440258031287,0.5185886894924501,-0.05324815449173928,-1.6659981910316133,-0.3234800889069503,-1.1143321989045838,0.6876751100773152,0.023924094525099204,-0.2337345267148656,1.3346034702727023,0.129443743535334,0.07221934581860415,0.07716844886066947,0.07822925623628635,0.18550393652912592,-0.0010784117979533148,-1.5932013029662797,-0.09338382462796857,-0.10380348150885237,-0.010263760504055992
0.9280348353425004,0.17555233574105517,-0.42513276363197916,-0.4273412698606812,0.8595296268596269,1.150579413828596,-1.2513681514190949,0.1281183198116291,-0.762263837475074,0.725541211144882,0.023924094525099204,-0.2337345267148656,1.3346034702727023,0.129443743535334,0.07221934581860415,0.07716844886066947,0.07822925623628635,0.18550393652912592,-0.0010784117979533148,-1.6419981724423944,-1.5930308666201398,-0.10380348150885237,-0.010263760504055992
1.361629768228242,0.24644386559010348,-0.48122754730288514,-0.4905456415522676,-0.9821426619821447,-0.6861884223715032,-0.773615554427628,0.3878680997971305,-0.207677748244915,0.10486436910449769,0.023924094525099204,-0.2337345267148656,-1.0031639652537416,0.129443743535334,0.07221934581860415,0.07716844886066947,0.07822925623628635,0.18550393652912592,-0.0010784117979533148,-1.6297989550733656,-1.642119149500407,-1.5912925495992942,-1.6593491229790172
1.963442770418953,0.3173353954391518,-0.013771016712001798,-0.005978791916771716,0.625994938547428,0.6665662678028942,-0.11918304733958239,0.9450448759341284,0.592833394128037,0.3763659498362844,0.023924094525099204,-0.2337345267148656,-1.0031639652537416,0.129443743535334,0.07221934581860415,0.07716844886066947,0.07822925623628635,0.18550393652912592,-0.0010784117979533148,-1.6029606768615023,-1.6298470787803399,-1.6405879619635175,-1.6626730541707033
1.3863957353965841,0.17555233574105517,-0.013771016712001798,-0.005978791916771716,0.9925557151387275,0.2694272761920619,0.0008876075530200304,0.9263823296089176,0.626431998327247,0.6408263384668523,0.023924094525099204,-0.2337345267148656,-1.0031639652537416,0.129443743535334,0.07221934581860415,0.07716844886066947,0.07822925623628635,0.18550393652912592,-0.0010784117979533148,-1.6419981724423944,-1.602848523196193,-1.6282641088724616,-1.6626730541707033
1.2496113936514335,0.21099810066557947,0.15451333430071623,0.16256619926079208,0.060387718753325555,-0.8847579181769193,-0.2773094585238706,0.8499715267302144,0.38371345097941045,0.42523012634594287,0.023924094525099204,-0.2337345267148656,-0.3345694191209932,0.129443743535334,0.07221934581860415,0.07716844886066947,0.07822925623628635,0.18550393652912592,-0.0010784117979533148,-1.6419981724423944,-1.642119149500407,-1.6011516320721388,-1.6668279681603098
0.6754219702254118,0.10466080589200684,0.24800464041889292,0.246838694849574,0.5432231502848761,-0.15253290239444733,-0.25833428918175577,0.6668672986337961,0.24569428850131259,0.5784396797772662,0.023924094525099204,-0.2337345267148656,-0.3345694191209932,0.129443743535334,0.07221934581860415,0.07716844886066947,0.07822925623628635,0.18550393652912592,-0.0010784117979533148,-1.5151263118044955,-1.642119149500407,-1.6405879619635175,-1.6369125874351393
0.09399326408864402,0.03376927604295867,-0.20075362894835516,-0.19559190699153098,-0.5781375049863575,-1.2818969097877515,0.13814133246098367,0.955491206896038,0.5832138767431997,0.08908531210658732,0.023924094525099204,-0.2337345267148656,-0.3345694191209932,0.129443743535334,0.07221934581860415,0.07716844886066947,0.07822925623628635,0.18550393652912592,-0.0010784117979533148,-1.3980138250618193,-1.5144896140117117,-1.6405879619635175,-1.5538143076430018
0.7112373688996295,-0.7460375522965721,-0.5934171146446972,-0.595886261038245,1.3955754937028175,0.25701668270422345,-0.3658602487870757,0.6316549470767928,0.2331470919123971,0.40996007118667377,0.023924094525099204,-0.2337345267148656,1.6203177486373888,0.129443743535334,0.07221934581860415,0.07716844886066947,0.07822925623628635,0.18550393652912592,-0.0010784117979533148,-1.3980138250618193,-1.3966777350990698,-1.5124198898165369,-1.4707160278508649
1.6211009011765638,-0.8878206119946688,-0.20075362894835516,-0.19559190699153098,0.15794018349133276,0.5052285524609936,-0.4076056213397284,0.6898727016510373,0.2245034675955812,0.6928972265599569,0.023924094525099204,-0.2337345267148656,1.6203177486373888,0.129443743535334,0.07221934581860415,0.07716844886066947,0.07822925623628635,0.18550393652912592,-0.0010784117979533148,-1.3784950772713738,-1.3966777350990698,-1.3941109001424004,-1.424180991167269
1.3938255255470866,-0.8523748470701445,-0.013771016712001798,-0.005978791916771716,0.5373108796946943,1.0388840724380495,-0.8497270670109996,0.7056008853465003,-0.0596208284956829,0.6451189206394037,0.023924094525099204,-0.2337345267148656,1.6203177486373888,0.129443743535334,0.07221934581860415,0.07716844886066947,0.07822925623628635,0.18550393652912592,-0.0010784117979533148,-1.3248185208476466,-1.3770424219469632,-1.3941109001424004,-1.3992515072296283
0.4982500512518882,-0.7105917873720481,0.023625505735268865,0.015089331980423748,-0.8294090050691032,-0.15253290239444733,-1.153329776484834,0.2337553744826426,-0.5322319000115852,0.3972350252206181,0.023924094525099204,-0.2337345267148656,1.157044192017725,0.129443743535334,0.07221934581860415,0.07716844886066947,0.07822925623628635,0.18550393652912592,-0.0010784117979533148,-1.3980138250618193,-1.3230453107786684,-1.3743927351967116,-1.3992515072296283
-0.06565197042728373,-0.07256801873061365,1.8747533668751672,1.8690842349336254,0.776757838597075,0.6913874547785712,-1.226395083721711,0.1159761296195613,-0.6431375802055834,0.6411346648679614,0.023924094525099204,-0.2337345267148656,1.157044192017725,0.129443743535334,0.07221934581860415,0.07716844886066947,0.07822925623628635,0.18550393652912592,-0.0010784117979533148,-1.3980138250618193,-1.3966777350990698,-1.320167781596065,-1.4058993696129993
-0.6729896883709324,-0.42702566797585495,1.8560551056515315,1.84801611103643,0.4653782541808101,0.40594380455828555,-0.9066525750373408,0.07177855732042707,-0.43185432730023837,0.20737733940705066,0.023924094525099204,-0.2337345267148656,1.157044192017725,0.129443743535334,0.07221934581860415,0.07716844886066947,0.07822925623628635,0.18550393652912592,-0.0010784117979533148,-1.3980138250618193,-1.3966777350990698,-1.3941109001424004,-1.43082885355064
0.5180628249865619,-0.42702566797585495,1.8560551056515315,1.84801611103643,-0.9831280404138418,-0.47520833307824856,0.10546187414956575,1.0209861807920682,0.8598098548811155,0.0859295007070056,0.023924094525099204,-0.2337345267148656,-0.8631986709941178,0.129443743535334,0.07221934581860415,0.07716844886066947,0.07822925623628635,0.18550393652912592,-0.0010784117979533148,-1.3980138250618193,-1.3966777350990698,-1.3941109001424004,-1.43082885355064
0.5856929661001111,0.3527811603636758,1.930848150546073,1.932288606625212,0.6880737797443413,0.2197849022407079,0.5101600691738877,1.110542928252049,1.0445324713290727,0.3544788707746664,0.023924094525099204,-0.2337345267148656,-0.8631986709941178,0.129443743535334,0.07221934581860415,0.07716844886066947,0.07822925623628635,0.18550393652912592,-0.0010784117979533148,-1.4468106945379342,-1.3966777350990698,-1.3941109001424004,-1.4474485095090666
-0.14965051076470956,0.6363472797598688,1.986942934216979,1.9954929783167985,-1.1871013757751296,-2.001711332082385,0.2819309490312323,1.2647730280717266,0.9592115345244316,0.1858635283604382,0.023924094525099204,-0.2337345267148656,-0.8631986709941178,0.129443743535334,0.07221934581860415,0.07716844886066947,0.07822925623628635,0.18550393652912592,-0.0010784117979533148,-1.3980138250618193,-1.445766017979337,-1.3941109001424004,-1.4474485095090666
-0.8587249167615097,1.203479518552255,1.8373568444278963,1.8269479871392345,0.43975841495668677,0.3314802436312545,-0.5176616035239912,0.7513769423706069,0.15368151351591708,0.5652056319725667,0.023924094525099204,-0.2337345267148656,-0.0806654349062211,0.129443743535334,0.07221934581860415,0.07716844886066947,0.07822925623628635,0.18550393652912592,-0.0010784117979533148,-1.3980138250618193,-1.3966777350990698,-1.4434063125066237,-1.4474485095090666
-1.4273991498065814,1.487045637948448,1.8560551056515315,1.84801611103643,-1.0018502306160857,-2.0637642995215777,0.4911848998317728,1.1246278688748494,0.9692492917955658,-0.06595664794384712,0.023924094525099204,-0.2337345267148656,-0.0806654349062211,0.129443743535334,0.07221934581860415,0.07716844886066947,0.07822925623628635,0.18550393652912592,-0.0010784117979533148,-1.3980138250618193,-1.3966777350990698,-1.3941109001424004,-1.43082885355064
-1.7602156470611467,1.6288286976465447,1.9495464117697083,1.9533567305224075,-0.44215528141216587,-0.46279773959041004,-0.5219837254296981,0.8281398687648722,0.1726417216947272,0.4567373401578992,0.023924094525099204,-0.2337345267148656,-0.0806654349062211,0.129443743535334,0.07221934581860415,0.07716844886066947,0.07822925623628635,0.18550393652912592,-0.0010784117979533148,-1.3980138250618193,-1.3966777350990698,-1.3941109001424004,-1.43082885355064
-0.6988987001778133,2.054177876740834,1.9682446729933438,1.974424854419603,-0.02534020480431699,-0.04083756100390077,-0.5050114906292491,0.6210912416096895,0.03239194648971262,0.5550255951997208,0.023924094525099204,-0.2337345267148656,1.4022726414643385,0.129443743535334,0.07221934581860415,0.07716844886066947,0.07822925623628635,0.18550393652912592,-0.0010784117979533148,-1.4760888162236034,-1.3966777350990698,-1.3941109001424004,-1.4574203030841235
0.7977277465490701,2.054177876740834,1.986942934216979,1.9954929783167985,-0.47270201279477414,-0.3759235851755405,-0.5317875629231221,0.973684255200493,0.4060195782485956,0.6097941930376294,0.023924094525099204,-0.2337345267148656,1.4022726414643385,0.129443743535334,0.07221934581860415,0.07716844886066947,0.07822925623628635,0.18550393652912592,-0.0010784117979533148,-1.6663966071804523,-1.4752189877074977,-1.3941109001424004,-1.5488284108554744
0.4711979948064685,2.054177876740834,1.9682446729933438,1.974424854419603,-0.9515959305995365,-0.5248507070296026,-0.764338804971481,0.7584194126820091,0.15786391237888583,0.11677501212872661,0.023924094525099204,-0.2337345267148656,1.4022726414643385,0.129443743535334,0.07221934581860415,0.07716844886066947,0.07822925623628635,0.18550393652912592,-0.0010784117979533148,-1.6054005203353086,-1.666663290940541,-1.472983559925158,-1.6194619486787922
0.30164637342320394,1.8060575222691653,1.9682446729933438,1.974424854419603,1.590680423178832,0.5548709264123476,-1.893361380827307,0.0048750893621139785,-1.1261325385536873,0.6761680327965813,0.023924094525099204,-0.2337345267148656,1.3571598606699145,0.129443743535334,0.07221934581860415,0.07716844886066947,0.07822925623628635,0.18550393652912592,-0.0010784117979533148,-1.6419981724423944,-1.6053029373402068,-1.6652356681456297,-1.6759687789374447
-0.65203386999772,1.238925283476779,0.09841855062981023,0.09936182756920567,-0.4677751206362889,-0.6489566419079876,-1.301855655561505,0.21841284987566342,-0.6003452529228525,0.39858024436560097,0.023924094525099204,-0.2337345267148656,1.3571598606699145,0.129443743535334,0.07221934581860415,0.07716844886066947,0.07822925623628635,0.18550393652912592,-0.0010784117979533148,-1.6907950419185094,-1.642119149500407,-1.6036164026903503,-1.6842786069166578
-0.8139651937907254,1.557937167797496,0.19190985674798686,0.18363432315798758,-1.428519091540905,-1.5176981860566832,-0.41646070036604405,0.6281337119210918,0.29588307485698373,-0.21458518482739108,0.023924094525099204,-0.2337345267148656,1.3571598606699145,0.129443743535334,0.07221934581860415,0.07716844886066947,0.07822925623628635,0.18550393652912592,-0.0010784117979533148,-1.6419981724423944,-1.6912074323806743,-1.6405879619635175,-1.6967433488854786
-0.07289125313802985,1.5933829327220208,0.2106081179716222,0.204702447055183,-1.2807123267863487,-1.0585062270066585,0.8342137944942258,1.5231143139949492,1.6550232920276313,-1.0559482573751064,0.023924094525099204,-0.2337345267148656,-0.8464259704423447,0.129443743535334,0.07221934581860415,0.07716844886066947,0.07822925623628635,0.18550393652912592,-0.0010784117979533148,-1.4956075640140492,-1.642119149500407,-1.6898833743277408,-1.6468843810101956
0.4734840840835462,0.7426845745334414,0.1358150730770809,0.1414980753635966,0.4259631169129284,0.13291074782583834,0.9845393027267559,1.6316857312957105,1.7889994689381834,-0.5958275619704497,0.023924094525099204,-0.2337345267148656,-0.8464259704423447,0.129443743535334,0.07221934581860415,0.07716844886066947,0.07822925623628635,0.18550393652912592,-0.0010784117979533148,-1.4468106945379342,-1.4948543008596042,-1.6405879619635175,-1.5637861012180587
-0.09975280214369311,0.45911845513724814,0.15451333430071623,0.16256619926079208,0.6703369679737949,0.44317558502180104,0.05644268668243538,1.1992780541757002,0.8511662305643042,0.6587092697311514,0.023924094525099204,-0.2337345267148656,-0.8464259704423447,0.129443743535334,0.07221934581860415,0.07716844886066947,0.07822925623628635,0.18550393652912592,-0.0010784117979533148,-1.483408346645021,-1.445766017979337,-1.492701724870847,-1.5097722193531693
-0.32729488818882924,0.10466080589200684,0.1358150730770809,0.1414980753635966,1.537469987867192,1.3615595031218506,-0.372185305234445,0.6598248283223939,0.21641749646050829,0.8426116340326034,0.023924094525099204,-0.2337345267148656,-0.018779953560023797,0.129443743535334,0.07221934581860415,0.07716844886066947,0.07822925623628635,0.18550393652912592,-0.0010784117979533148,-1.2711419644239204,-1.4825822301395382,-1.4434063125066237,-1.4333218019444045
-0.9646565786380987,-0.10801378365513782,0.17321159552435159,0.18363432315798758,0.8723395464716885,0.07085778038664581,-0.39432300280024624,0.7302495314364041,0.25824148509023265,0.4389731759892837,0.023924094525099204,-0.2337345267148656,-0.018779953560023797,0.129443743535334,0.07221934581860415,0.07716844886066947,0.07822925623628635,0.18550393652912592,-0.0010784117979533148,-0.6660607829200937,-1.2690481996103746,-1.4803778717797917,-1.1674073066095652
-1.5917880195724454,-0.10801378365513782,0.15451333430071623,0.16256619926079208,-0.5052195010407764,-0.8227049507377268,0.08258625333156833,1.0682881063836436,0.6999028050201294,0.4320168175278397,0.023924094525099204,-0.2337345267148656,-0.018779953560023797,0.129443743535334,0.07221934581860415,0.07716844886066947,0.07822925623628635,0.18550393652912592,-0.0010784117979533148,-0.4415951833299641,-0.6603534918950581,-1.2659428279954197,-0.8125776518971412
-1.1326841405033115,-0.21435107842871015,0.7715559546806824,0.7735417922794608,-0.45003830886574203,-0.7978837637620498,-0.5619369986555937,0.43798701351326746,-0.055438429632709535,0.12033802499922346,0.023924094525099204,-0.2337345267148656,1.5428163047085062,0.129443743535334,0.07221934581860415,0.07716844886066947,0.07822925623628635,0.18550393652912592,-0.0010784117979533148,-0.3854787834324326,-0.4345473906458274,-0.6546797146790491,-0.5109308962516816
0.1387625124314161,-0.17890531350418615,0.7528576934570469,0.7524736683822653,0.8674126543132034,0.12050015433799983,-0.7964911752456219,0.5989074601287777,0.01273467183374105,0.6239953443357489,0.023924094525099204,-0.2337345267148656,1.5428163047085062,0.129443743535334,0.07221934581860415,0.07716844886066947,0.07822925623628635,0.18550393652912592,-0.0010784117979533148,-0.4220764355395185,-0.37809586533352063,-0.42792081780362085,-0.42783261645954573
0.24201754477942664,0.14010657081653116,0.8650472607988591,0.8578142878682428,-0.4066816578710724,0.5672815199001862,-0.6631379018135374,0.8957475837543247,0.18295830555672138,0.5769126742613389,0.023924094525099204,-0.2337345267148656,1.5428163047085062,0.129443743535334,0.07221934581860415,0.07716844886066947,0.07822925623628635,0.18550393652912592,-0.0010784117979533148,0.05613288532640905,-0.4149120774937209,-0.3712310935847647,-0.25831212568358447
-0.4579125041090626,0.38822692528820013,1.1642194403770243,1.1738361463261748,1.5512652859109504,1.1133476333650805,-3.1299099162884527,-0.7416267636463711,-2.2972042201860026,0.6344298820279148,0.023924094525099204,-0.2337345267148656,1.3721974542680557,0.129443743535334,0.07221934581860415,0.07716844886066947,0.07822925623628635,0.18550393652912592,-0.0010784117979533148,0.37087269344735085,0.06615309473290028,-0.4082026528579319,-0.0007074583279600647
-0.6897295771023341,0.5300099849862965,1.5194864036260958,1.5109261286813023,-0.8678387639052879,-1.6169829339593913,-1.8165571239663687,-0.6236653859304097,-1.4199460586775094,0.05820344341067758,0.023924094525099204,-0.2337345267148656,1.3721974542680557,0.129443743535334,0.07221934581860415,0.07716844886066947,0.07822925623628635,0.18550393652912592,-0.0010784117979533148,0.18788443291191945,0.38277251931062506,0.0748923883114579,0.2070382411523814
-1.1070018325497408,0.14010657081653116,1.5194864036260958,1.5109261286813023,-0.3495297088326439,-0.5000295200539255,-1.033153703984772,0.04360867607481829,-0.5949678829561718,-0.3683037400973557,0.023924094525099204,-0.2337345267148656,1.3721974542680557,0.129443743535334,0.07221934581860415,0.07716844886066947,0.07822925623628635,0.18550393652912592,-0.0010784117979533148,0.30987660660220706,0.19869145850962217,0.3928477980606988,0.29346045213620325
-0.3493537446382317,0.17555233574105517,1.5194864036260958,1.5109261286813023,1.5739289898399824,-0.30146002424850943,-0.4304812421577189,0.7808379431733008,0.3800887052981617,0.2589731591174227,0.023924094525099204,-0.2337345267148656,-1.110740596378907,0.129443743535334,0.07221934581860415,0.07716844886066947,0.07822925623628635,0.18550393652912592,-0.0010784117979533148,0.26107973712609134,0.3214121657102908,0.20799000169486095,0.25606622622974373
0.2939803540474033,0.42367269021272413,1.6129777097442723,1.6162667481672799,-0.24803573036784843,0.12050015433799983,0.7378621012792661,1.5753459688045046,1.6677099019119836,-0.10718579687387146,0.023924094525099204,-0.2337345267148656,-1.110740596378907,0.129443743535334,0.07221934581860415,0.07716844886066947,0.07822925623628635,0.18550393652912592,-0.0010784117979533148,0.30987660660220706,0.2723238828300226,0.3312285326054195,0.29761536612581163
-0.11372842792422827,0.6363472797598688,1.7438655383097197,1.7426754915504525,0.16089631878642402,-0.4876189265660871,0.7198356904042561,1.6868517487350172,1.4691853692162204,0.47462027142219737,0.023924094525099204,-0.2337345267148656,-1.110740596378907,0.129443743535334,0.07221934581860415,0.07716844886066947,0.07822925623628635,0.18550393652912592,-0.0010784117979533148,0.30987660660220706,0.3214121657102908,0.2819331202411954,0.29761536612581163
-0.6493534303203463,0.4945642200617725,1.7999603219806257,1.805879863242039,0.4249777384812311,0.6169238938515402,-0.6757880147082829,0.9450448759341284,0.22896469304942374,0.8380306174848231,0.023924094525099204,-0.2337345267148656,-0.2888782693420251,0.129443743535334,0.07221934581860415,0.07716844886066947,0.07822925623628635,0.18550393652912592,-0.0010784117979533148,0.49286486713763844,0.3214121657102908,0.3312285326054195,0.3765587319283409
-1.2270158043731285,0.5300099849862965,1.650374232191543,1.6584029959616708,0.23184356586861093,-0.6737778288836647,0.1907447185816248,0.7267282962806992,0.5970157929910058,0.20534133205248203,0.023924094525099204,-0.2337345267148656,-0.2888782693420251,0.129443743535334,0.07221934581860415,0.07716844886066947,0.07822925623628635,0.18550393652912592,-0.0010784117979533148,0.5197031453495016,0.5054932265112937,0.3312285326054195,0.4480232525495793
-1.6710238739159593,0.45911845513724814,1.594279448520637,1.5951986242700844,0.4505975777053544,-0.338691804712025,-0.2899595714186162,0.8026696011386429,0.3022960864468737,0.5293210023482867,0.023924094525099204,-0.2337345267148656,-0.2888782693420251,0.129443743535334,0.07221934581860415,0.07716844886066947,0.07822925623628635,0.18550393652912592,-0.0010784117979533148,0.49286486713763844,0.5324917820954407,0.5160863289712574,0.5103469623936822
-1.0678925602421336,0.42367269021272413,1.0146333505879417,1.005291155148611,1.7650924055892083,0.4679967719974781,-0.4986864341818763,0.5788364197412842,0.024027148763770507,0.5713136540362734,0.023924094525099204,-0.2337345267148656,1.544551411662138,0.129443743535334,0.07221934581860415,0.07716844886066947,0.07822925623628635,0.18550393652912592,-0.0010784117979533148,0.3635531630259333,0.5054932265112937,0.5431988057715801,0.4663048741038506
1.1180545760532008,0.6717930446843932,1.0707281342588477,1.0684955268401974,0.2781563521583721,0.5424603329245091,-0.7115245836359311,0.7298974079208345,0.14671084874429788,0.35206959540509314,0.023924094525099204,-0.2337345267148656,1.544551411662138,0.129443743535334,0.07221934581860415,0.07716844886066947,0.07822925623628635,0.18550393652912592,-0.0010784117979533148,0.33915472828787546,0.37540927687858466,0.5160863289712574,0.4048121470576684
1.2681496726141364,0.5300099849862965,0.9959350893643062,1.005291155148611,1.3886778446809382,0.4679967719974781,-1.1817925304980081,0.43446577835756633,-0.3440239511778208,0.6038897717093784,0.023924094525099204,-0.2337345267148656,1.544551411662138,0.129443743535334,0.07221934581860415,0.07716844886066947,0.07822925623628635,0.18550393652912592,-0.0010784117979533148,0.15128678080483351,0.3508651354384506,0.385453486206065,0.28847455534867605
0.5642608791275076,0.17555233574105517,0.696762909786141,0.6892692966906789,-1.244253324813558,-0.9344002921282734,-1.8648986268141363,-0.15710172780010156,-1.209780515813136,0.10099595513081712,0.6983557116135626,1.2702963408416623,1.0535161437843668,0.129443743535334,0.07221934581860415,0.07716844886066947,0.07822925623628635,0.18550393652912592,-0.0010784117979533148,0.09761022438110725,0.16187524634942194,0.36080578002395297,0.19789743037524754
-0.02907454199404014,-0.17890531350418615,0.3414959465370696,0.3311111904383559,-1.801977517154084,-2.1754596409121243,-1.6694995615649775,-0.42873986838270556,-1.2254645115492875,-0.6490364327456614,-0.9877233311075959,1.2702963408416623,1.0535161437843668,0.129443743535334,0.07221934581860415,0.07716844886066947,0.07822925623628635,0.18550393652912592,-0.0010784117979533148,0.01709538974551612,0.10787813518112802,0.17101844242169373,0.08820770104962719
-0.19117732248282643,-0.2852426082777585,0.26670290164252825,0.2679068187467694,-1.7428548112522615,-1.803141836276969,-0.432273341484476,-0.28386619340531777,-0.3398415523148474,-1.5334089487495102,-1.999370756740291,1.2702963408416623,1.0535161437843668,0.129443743535334,0.07221934581860415,0.07716844886066947,0.07822925623628635,0.18550393652912592,-0.0010784117979533148,-0.16589287078991527,0.026882468428685413,0.11679348882104824,-0.019820062680151917
0.3368521482902009,-0.32068837320228266,0.24800464041889292,0.246838694849574,-1.5812527484539465,-1.4060028446661368,0.8799650361302103,1.0719267160445345,1.279025634246404,-1.9806009974526537,-2.336586565284523,1.2702963408416623,-1.0725682433990096,0.129443743535334,0.07221934581860415,0.07716844886066947,0.07822925623628635,0.18550393652912592,-0.0010784117979533148,-0.13905459257805214,-0.1571985923723175,0.035456058420078256,-0.10042539407852595
1.5267044647772294,-0.5688087276739514,0.061022028182539566,0.05722557977481473,-1.2107504581358586,-1.3811816576904596,1.3513925766743078,1.5718247336488034,2.077584990483295,-1.9238133589881303,-2.336586565284523,-1.7377653942713935,-1.0725682433990096,0.129443743535334,0.07221934581860415,0.07716844886066947,0.07822925623628635,0.18550393652912592,-0.0010784117979533148,-0.10245694047096447,-0.13020003678817055,-0.1494017379457596,-0.1411435511766715
1.2450773165852294,-0.7814833172210963,-0.08856406160654312,-0.0902512875055536,0.8841640876520529,1.100937039877242,0.3211462990049352,1.2720502473935087,1.1277622087022292,-1.1706094048932554,0.3611399030693309,-1.7377653942713935,-1.0725682433990096,0.129443743535334,0.07221934581860415,0.07716844886066947,0.07822925623628635,0.18550393652912592,-0.0010784117979533148,-0.21834950547673804,-0.09338382462796857,-0.12228926114543685,-0.15900968133198243
0.38545059617207816,-0.8878206119946688,-0.23815015139562581,-0.23772815478592194,-0.36923727746658475,-0.5372613005174411,-0.0496074264184957,1.0788518118507469,0.793588539550717,0.19058027873185598,0.023924094525099204,-0.2337345267148656,-1.058109018785412,0.129443743535334,0.07221934581860415,0.07716844886066947,0.07822925623628635,0.18550393652912592,-0.0010784117979533148,-0.3342420704825116,-0.2099684964686041,-0.08531770187226788,-0.22548830516569182
-0.23143154450337003,-1.0296036716927652,-0.38773624118470845,-0.38520502206629026,-0.28350935390894216,-0.47520833307824856,0.04843094851576156,1.0894155173178464,0.7141229611542416,0.5489175731360141,0.6983557116135626,-0.2337345267148656,-1.058109018785412,0.129443743535334,0.07221934581860415,0.07716844886066947,0.07822925623628635,0.18550393652912592,-0.0010784117979533148,-0.4342756529085466,-0.32655316830923964,-0.20239430623729887,-0.3385019656829982
-0.7817694364718808,-1.3131697910889581,-1.2291579962482986,-1.227929977954109,0.6082581267768812,-0.30146002424850943,-0.12656227986151614,0.8681645750346694,0.37576689313975603,0.6287290614351215,1.372787328702026,-0.2337345267148656,-1.058109018785412,0.129443743535334,0.07221934581860415,0.07716844886066947,0.07822925623628635,0.18550393652912592,-0.0010784117979533148,-0.3415616009039291,-0.42718414821378703,-0.31947091060232985,-0.38046659697802643
-0.32325613046599194,-1.2422782612399101,-0.48122754730288514,-0.4905456415522676,-0.9249907129437164,-0.5993142679566337,-0.08755776510272544,1.0964579876292446,0.7392173543320771,0.4715492936623888,0.023924094525099204,-0.2337345267148656,1.1634062508477079,0.129443743535334,0.07221934581860415,0.07716844886066947,0.07822925623628635,0.18550393652912592,-0.0010784117979533148,-0.34888113132534665,-0.33391641074128003,-0.42052650594898705,-0.3854524937655554
1.4124952546432215,-1.3840613209380066,-0.5373223309737912,-0.5326818893466586,-0.1278195617008094,-0.2145858698336399,-0.41087356717087087,1.1628919575667942,0.5745702524263885,0.39467304929945163,-0.3132917140191325,1.2702963408416623,1.1634062508477079,0.129443743535334,0.07221934581860415,0.07716844886066947,0.07822925623628635,0.18550393652912592,-0.0010784117979533148,-0.4708733050156343,-0.34127965317332043,-0.32686522245696364,-0.39791723573437526
2.048999661613587,-1.4195070858625307,-0.5373223309737912,-0.5326818893466586,-0.24705035193615144,-0.8847579181769193,-0.7611762767477981,0.9802572274911316,0.21641749646050829,0.3768749516749266,0.6983557116135626,-0.2337345267148656,1.1634062508477079,0.129443743535334,0.07221934581860415,0.07716844886066947,0.07822925623628635,0.18550393652912592,-0.0010784117979533148,-0.580666261336892,-0.464000360373989,-0.33425953431159744,-0.4793535499306699
1.5867905112764222,-0.9941579067682411,-0.5186240697501558,-0.5116137654494631,-1.6443169680825571,-1.5052875925688447,-0.8813523492478565,0.3781260158663604,-0.18927519324783407,-0.23596326205036605,-0.3132917140191325,1.2702963408416623,0.664852186170866,0.129443743535334,0.07221934581860415,0.07716844886066947,0.07822925623628635,0.18550393652912592,-0.0010784117979533148,-0.7465756175556831,-0.5744489968545897,-0.457498065222156,-0.6148037459918542
1.0991867192197193,-0.8523748470701445,-0.48122754730288514,-0.4905456415522676,-1.2698731640376812,-1.1826121618850436,-0.9424218597742029,0.3305286303134439,-0.37041633020968096,-0.5450151370439196,0.3611399030693309,1.2702963408416623,0.664852186170866,0.129443743535334,0.07221934581860415,0.07716844886066947,0.07822925623628635,0.18550393652912592,-0.0010784117979533148,-0.7758537392413533,-0.741349158647499,-0.5684127430416577,-0.7186765957320248
0.5873408554540047,-0.8878206119946688,-0.25684841261926117,-0.2587962786831174,-1.8877054407117264,-2.5477774455472795,0.4975099562791456,0.8992688189100259,0.9817964883844814,-1.369510356706699,-1.999370756740291,-0.2337345267148656,0.664852186170866,0.129443743535334,0.07221934581860415,0.07716844886066947,0.07822925623628635,0.18550393652912592,-0.0010784117979533148,-0.7734138957675463,-0.7708021283756605,-0.7360171450800173,-0.7843242367678136
1.8920177211054545,-0.7814833172210963,-0.21945189017199046,-0.21666003088872648,-1.7527085955692319,-2.0637642995215777,1.9714589437316343,2.0579899341458456,2.597178342559921,-2.0784311508396978,-2.336586565284523,-0.2337345267148656,-1.3866226020063472,0.129443743535334,0.07221934581860415,0.07716844886066947,0.07822925623628635,0.18550393652912592,-0.0010784117979533148,-0.7734138957675463,-0.7683477142316459,-0.7655943924985524,-0.7934650475449475
2.5214581122096495,-0.6397002575229997,-0.10726232283017847,-0.11131941140274909,-0.2667579205700923,-0.6985990158593417,1.816284225556117,2.2479018835432862,2.575290455177028,-2.037320769005357,-1.3249391396518275,-0.2337345267148656,-1.3866226020063472,0.129443743535334,0.07221934581860415,0.07716844886066947,0.07822925623628635,0.18550393652912592,-0.0010784117979533148,-1.0491162083075969,-0.7683477142316459,-0.7631296218803401,-0.8865351209121414
1.6563257267875364,-0.6042544925984756,-0.1259605840538138,-0.13238753529994457,1.6645838055561102,0.6665662678028942,0.6838882862616923,1.3630154889157684,1.37410550173131,-0.23122954495099257,-0.3132917140191325,-1.7377653942713935,-1.3866226020063472,0.129443743535334,0.07221934581860415,0.07716844886066947,0.07822925623628635,0.18550393652912592,-0.0010784117979533148,-0.5879857917583096,-1.0456965125051576,-0.7631296218803401,-0.8233804282701179
0.7006451552491694,-0.5333629627494274,-0.0698658003829078,-0.06918316360835813,0.22888743057351998,0.24460608921638494,0.1970697750289976,1.3605506243067764,1.1114508531366325,0.6105067956117283,0.6983557116135626,-1.7377653942713935,-1.1599019600651386,0.129443743535334,0.07221934581860415,0.07716844886066947,0.07822925623628635,0.18550393652912592,-0.0010784117979533148,-0.48307252238466236,-0.5818122392866302,-1.041648701738203,-0.7244934753174744
-0.5004661509274668,-0.5333629627494274,-0.1820553677247198,-0.17452378309433553,-1.0205724208183296,-1.6418041209350684,0.5164851256212605,1.8042262539250293,1.4418603633114635,0.32546576597205823,-1.3249391396518275,1.2702963408416623,-1.1599019600651386,0.129443743535334,0.07221934581860415,0.07716844886066947,0.07822925623628635,0.18550393652912592,-0.0010784117979533148,-0.6343428177606183,-0.4762724310940552,-0.5758070548962915,-0.5832263996708424
-1.1241875086901727,-0.32068837320228266,0.6032716036679643,0.6049968011018971,0.8191291111600479,-0.30146002424850943,0.22310792407067795,1.1883622251930273,0.8554880427227098,0.4709384914560187,0.6983557116135626,-1.7377653942713935,-1.1599019600651386,0.129443743535334,0.07221934581860415,0.07716844886066947,0.07822925623628635,0.18550393652912592,-0.0010784117979533148,-0.5367490788083886,-0.6284461080228836,-0.4698219183132112,-0.5657757609144918
-0.15105645567011236,-0.5688087276739514,-0.23815015139562581,-0.23772815478592194,1.4911572015774306,0.8775463570961488,-0.2235464787212159,0.9661722868683311,0.48827342255372147,0.6481729316712558,1.7100031372462576,-0.2337345267148656,1.5370326148630673,0.129443743535334,0.07221934581860415,0.07716844886066947,0.07822925623628635,0.18550393652912592,-0.0010784117979533148,-0.5245498614393606,-0.5302695422623491,-0.6226376966423032,-0.5799024684791564
1.7840419144002786,-0.5688087276739514,-0.38773624118470845,-0.38520502206629026,1.2457979720848673,0.7658510157056023,-0.744204041947349,0.8536101363911092,0.20289440680355755,0.5124900082171816,1.0355715201577942,-0.2337345267148656,1.5370326148630673,0.129443743535334,0.07221934581860415,0.07716844886066947,0.07822925623628635,0.18550393652912592,-0.0010784117979533148,-0.4806326789108571,-0.5179974715422829,-0.5240468719138567,-0.5275505522101098
1.8538628910710273,-0.2852426082777585,-0.2942449350665318,-0.27986440258031287,-0.20369370094148154,0.44317558502180104,-0.5682620551029665,0.8499715267302144,0.26242388395320143,0.6883840769239957,1.7100031372462576,-0.2337345267148656,1.5370326148630673,0.129443743535334,0.07221934581860415,0.07716844886066947,0.07822925623628635,0.18550393652912592,-0.0010784117979533148,-0.4806326789108571,-0.47381801695004233,-0.5117230188228015,-0.508437947857918
0.7606168972845083,-0.7460375522965721,-0.35033971873743786,-0.3430687742718993,1.6074318565176815,0.5921027068758632,-1.4853952399718424,-1.3824915619838505,-1.7785867611774073,0.9194709116675867,1.7100031372462576,1.2702963408416623,0.936685608906499,0.129443743535334,0.07221934581860415,0.07716844886066947,0.07822925623628635,0.18550393652912592,-0.0010784117979533148,-0.4025576877490729,-0.47381801695004233,-0.4673571476950005,-0.46688880796185006
-0.1324800752194583,-0.6042544925984756,-0.40643450240834383,-0.40627314596348574,-0.9801719051187506,-1.579751153495876,-1.3788858072955665,-2.0193320915719553,-2.1006314736262914,0.6628794490806,0.023924094525099204,2.7743272083981902,0.936685608906499,0.129443743535334,0.07221934581860415,0.07716844886066947,0.07822925623628635,0.18550393652912592,-0.0010784117979533148,-0.5196701744917482,-0.39527676434161435,-0.4673571476950005,-0.4801845327285923
-0.3613176118549385,-0.42702566797585495,-0.6495118983156032,-0.6590906327298315,0.22888743057351998,-0.2145858698336399,-0.596724809116137,-1.6536266689727808,-1.4105356612358206,0.606434780902591,0.3611399030693309,1.2702963408416623,0.936685608906499,0.129443743535334,0.07221934581860415,0.07716844886066947,0.07822925623628635,0.18550393652912592,-0.0010784117979533148,-0.5074709571227202,-0.5130886432542554,-0.38848448791224294,-0.48932534350572615
0.5899698581226441,-0.7105917873720481,-0.6869084207628738,-0.6801587566270269,-0.8619264933151056,-0.6861884223715032,0.5499025071848745,-0.6818831405046579,-0.0045525767998769555,0.5319508451812714,0.3611399030693309,-0.2337345267148656,-1.139659045606102,0.129443743535334,0.07221934581860415,0.07716844886066947,0.07822925623628635,0.18550393652912592,-0.0010784117979533148,-0.4879522093322746,-0.5008165725341892,-0.5067934775863784,-0.518409741432976
1.6161172265525343,-0.7814833172210963,-0.7056066819865092,-0.7012268805242223,0.774787081733681,0.6169238938515402,0.820087835095095,0.3429136643093572,0.7475821520580193,-0.15554097154488686,0.3611399030693309,-1.7377653942713935,-1.139659045606102,0.129443743535334,0.07221934581860415,0.07716844886066947,0.07822925623628635,0.18550393652912592,-0.0010784117979533148,-0.5001514267013026,-0.4811812593820827,-0.4944696244953232,-0.511761879049604
0.39449398433731814,-0.7814833172210963,-0.6308136370919679,-0.638022508832636,0.41118244043747276,0.4928179589731551,0.6348690987945619,-0.08151254645773535,0.3152615229220907,0.5088082282510029,0.3611399030693309,-1.7377653942713935,-1.139659045606102,0.129443743535334,0.07221934581860415,0.07716844886066947,0.07822925623628635,0.18550393652912592,-0.0010784117979533148,-0.5587076700726412,-0.49345333010214887,-0.47475145954963427,-0.5292125178059529
-0.03422586316505528,-0.7460375522965721,-0.6308136370919679,-0.638022508832636,1.5798412604301644,1.3243277226583352,-0.2203839504975295,-0.3648546019864314,-0.5029551079707762,1.3526314763521576,1.372787328702026,-1.7377653942713935,-0.746946505100794,0.129443743535334,0.07221934581860415,0.07716844886066947,0.07822925623628635,0.18550393652912592,-0.0010784117979533148,-0.5245498614393606,-0.5523592695584703,-0.48707531264068943,-0.5416772597747727
-0.6436534477228325,-0.7105917873720481,-0.3690379799610731,-0.3641368981690948,0.11951042465514808,0.6293344873393787,0.35203365798959946,-0.3718970722978297,-0.10562721598838067,0.9769881194341626,0.6983557116135626,-0.2337345267148656,-0.746946505100794,0.129443743535334,0.07221934581860415,0.07716844886066947,0.07822925623628635,0.18550393652912592,-0.0010784117979533148,-0.5099108005965255,-0.5179974715422829,-0.5462298074777581,-0.5450011909664587
-1.7965358904507192,-0.5333629627494274,-0.14465884527744913,-0.15345565919714002,0.47326128163438624,0.23219549572854642,0.22637586990181693,-0.2998291261111607,-0.16013781450245743,0.9763942839557473,1.7100031372462576,-1.7377653942713935,-0.746946505100794,0.129443743535334,0.07221934581860415,0.07716844886066947,0.07822925623628635,0.18550393652912592,-0.0010784117979533148,-0.5318693918607781,-0.5032709866782021,-0.5117230188228015,-0.5358603801893249
-0.8191698570448723,-0.32068837320228266,-0.16335710650108445,-0.15345565919714002,1.3128037054402661,0.6913874547785712,-0.5935622808924507,-0.4880978324359426,-0.6660686636267051,1.183642865922924,1.0355715201577942,-0.2337345267148656,1.1651413578013396,0.129443743535334,0.07221934581860415,0.07716844886066947,0.07822925623628635,0.18550393652912592,-0.0010784117979533148,-0.5440686092298062,-0.5253607139743234,-0.49693439511353393,-0.5425082425726951
1.1294583513970236,-0.3915799030513308,-0.013771016712001798,-0.005978791916771716,-0.11500964208874775,0.36871202409477,-0.03179185075840138,-0.4017101966160933,-0.4194465440067552,1.097893022839656,1.0355715201577942,-0.2337345267148656,1.1651413578013396,0.129443743535334,0.07221934581860415,0.07716844886066947,0.07822925623628635,0.18550393652912592,-0.0010784117979533148,-0.5099108005965255,-0.5376327846943895,-0.5191173306774353,-0.5425082425726934
0.9211194152793403,-0.5688087276739514,-0.1259605840538138,-0.13238753529994457,1.0910935583084318,0.6541556743150557,-0.884514877471543,-1.0796653385936144,-1.1972333192242206,0.7163791780493205,1.372787328702026,-0.2337345267148656,1.1651413578013396,0.129443743535334,0.07221934581860415,0.07716844886066947,0.07822925623628635,0.18550393652912592,-0.0010784117979533148,-0.4220764355395185,-0.5032709866782021,-0.5314411837684905,-0.505114016666232
-0.14519073160001045,-0.7105917873720481,-0.08856406160654312,-0.0902512875055536,0.7797139738921662,0.23219549572854642,-1.134354607142719,-1.1465688065519197,-1.531825228262025,1.0986395588696654,1.7100031372462576,1.2702963408416623,1.0130303148662938,0.129443743535334,0.07221934581860415,0.07716844886066947,0.07822925623628635,0.18550393652912592,-0.0010784117979533148,-0.3854787834324326,-0.4149120774937209,-0.49693439511353393,-0.4511001348013424
-1.086042204027733,-0.3915799030513308,-0.25684841261926117,-0.2587962786831174,-0.08840442443292773,-0.6241354549323107,-0.713625405955951,-1.586597442616056,-1.4755122149998614,0.6910563365768675,0.3611399030693309,1.2702963408416623,1.0130303148662938,0.129443743535334,0.07221934581860415,0.07716844886066947,0.07822925623628635,0.18550393652912592,-0.0010784117979533148,-0.32936238353489933,-0.37809586533352063,-0.4082026528579319,-0.38960740775516206
-1.2735186704176846,-0.24979684335323432,-0.16335710650108445,-0.15345565919714002,-1.2383410542233757,-1.5549299665201988,0.09270634364736408,-1.5832019658587704,-0.8835534045012784,-0.015056464079620045,-0.3132917140191325,1.2702963408416623,1.0130303148662938,0.129443743535334,0.07221934581860415,0.07716844886066947,0.07822925623628635,0.18550393652912592,-0.0010784117979533148,-0.3854787834324326,-0.3216443400212121,-0.3712310935847647,-0.3771426657863422
-0.3489974957258871,0.5300099849862965,0.22930637919525756,0.2257705709523785,-1.3733378993658707,-0.8971685116647579,1.138132756790432,-0.5981951183041726,0.3498360201893313,-0.8729111961993472,-0.6505075225633642,-0.2337345267148656,-1.105535275518012,0.129443743535334,0.07221934581860415,0.07716844886066947,0.07822925623628635,0.18550393652912592,-0.0010784117979533148,-0.3732795660634028,-0.37809586533352063,-0.31454136936590676,-0.3729877517967338
1.035587715531417,0.8490218693070137,0.36019420776070493,0.3521793143355514,-0.6224795344127244,0.008804812947453262,1.436780838713823,0.08586349794322758,0.9567020952066458,-1.3354072335176665,-0.9877233311075959,-0.2337345267148656,-1.105535275518012,0.129443743535334,0.07221934581860415,0.07716844886066947,0.07822925623628635,0.18550393652912592,-0.0010784117979533148,-0.34888113132534665,-0.36582379461345277,-0.3712310935847647,-0.37963561418010583
-0.009292249449727567,0.8135761043824894,0.36019420776070493,0.3521793143355514,-0.13668796758608284,-0.47520833307824856,0.8636253069745012,-0.0633194981532842,0.4881340092582892,-1.6566043604288943,-0.3132917140191325,-0.2337345267148656,-1.105535275518012,0.129443743535334,0.07221934581860415,0.07716844886066947,0.07822925623628635,0.18550393652912592,-0.0010784117979533148,-0.19517099247558367,-0.34127965317332043,-0.35890724049370776,-0.3148189559422394
-0.714478398601098,0.8490218693070137,0.7528576934570469,0.7524736683822653,-0.679631483451153,-0.0780693414674163,0.3868214684501428,-0.09724073015319844,0.07421593511943703,-1.08039731235789,-0.6505075225633642,1.2702963408416623,-0.8840199544376982,0.129443743535334,0.07221934581860415,0.07716844886066947,0.07822925623628635,0.18550393652912592,-0.0010784117979533148,0.7734468666252996,-0.18665156210047734,-0.33425953431159744,0.0757429590808038
-1.6099738597715987,0.6717930446843932,1.0520298730352124,1.047427402943002,-0.9752450129602656,-0.6365460484201492,0.8390630044372098,-0.09371949499749734,0.45063183278696584,-1.4031044780570892,-1.999370756740291,1.2702963408416623,-0.8840199544376982,0.129443743535334,0.07221934581860415,0.07716844886066947,0.07822925623628635,0.18550393652912592,-0.0010784117979533148,1.0784273008510186,0.7877508530728311,-0.17897898536429302,0.5618678958648062
-2.2819621824710055,0.45911845513724814,0.9024437832461296,0.8999505356626337,-0.4795996618166533,0.5672815199001862,0.28846684069351725,-0.5181457057645861,-0.28547036709620294,-1.4030875113291343,0.023924094525099204,1.2702963408416623,-0.8840199544376982,0.129443743535334,0.07221934581860415,0.07716844886066947,0.07822925623628635,0.18550393652912592,-0.0010784117979533148,1.4688022566599392,1.0945526210745027,0.7995349500655418,1.1285981640471827
-1.4782779717423438,0.6717930446843932,1.0146333505879417,1.005291155148611,-0.678646105019456,0.30665905665557747,0.40579663779225766,-0.6923294714665674,-0.23946397960350518,-0.8966476486080319,0.3611399030693309,-0.2337345267148656,0.8354710366113165,0.129443743535334,0.07221934581860415,0.07716844886066947,0.07822925623628635,0.18550393652912592,-0.0010784117979533148,2.0299662556352613,1.4872588841166425,1.1076312773419381,1.5565543049766872
1.2089285298914378,0.5300099849862965,1.0707281342588477,1.0684955268401974,0.5747552600991814,0.9892416984866954,-0.19845708814664045,-0.8528977945665042,-0.7695133288375624,-0.008744841280456599,0.6983557116135626,-0.2337345267148656,0.8354710366113165,0.129443743535334,0.07221934581860415,0.07716844886066947,0.07822925623628635,0.18550393652912592,-0.0010784117979533148,1.6761889519334285,2.0517741372397174,1.5019945762557259,1.7601450904674238
0.6717699426052802,0.6363472797598688,0.6593663873388702,0.6682011727934835,0.8871202229471442,0.9023675440718258,-0.6346751478003667,-0.9740282839226009,-1.101038145375847,1.0004022040117062,1.372787328702026,1.2702963408416623,0.8354710366113165,0.129443743535334,0.07221934581860415,0.07716844886066947,0.07822925623628635,0.18550393652912592,-0.0010784117979533148,1.439524134974271,1.6958840863577795,2.068891818444295,1.7501732968923696
0.35213275003306793,0.45911845513724814,0.6593663873388702,0.6682011727934835,-1.0166309070915411,-0.7358307963228572,-1.4537699577349856,-2.1254721798366387,-2.2553802315562783,1.0431583584576571,-0.3132917140191325,2.7743272083981902,0.554962079107525,0.129443743535334,0.07221934581860415,0.07716844886066947,0.07822925623628635,0.18550393652912592,-0.0010784117979533148,1.2199382223317519,1.4578059143884827,1.7115000788036758,1.4742870079824721
-0.42793615846338096,0.10466080589200684,0.7528576934570469,0.7524736683822653,-1.639390075924072,-1.952068958131031,-1.0252473834255613,-3.2512613624734286,-2.396984307345489,0.2588228823841095,-1.3249391396518275,1.2702963408416623,0.554962079107525,0.129443743535334,0.07221934581860415,0.07716844886066947,0.07822925623628635,0.18550393652912592,-0.0010784117979533148,1.1150249529581044,1.2369086414272779,1.4724173288371925,1.2831609644605553
-0.27516633744826446,-0.3915799030513308,0.6593663873388702,0.6682011727934835,-1.3900893327047201,-2.0637642995215777,0.6840991214766079,-2.319140113400164,-0.896100601090194,-0.8661075382894955,-1.999370756740291,1.2702963408416623,0.554962079107525,0.129443743535334,0.07221934581860415,0.07716844886066947,0.07822925623628635,0.18550393652912592,-0.0010784117979533148,1.1833405702246658,1.131368833234703,1.2505879731981857,1.1959077706788128
0.5013588469075545,-0.8523748470701445,0.26670290164252825,0.2679068187467694,-1.4048700091801758,-2.1506384539364474,2.9158952889316674,-0.7473781144006844,1.3568182530976873,-1.8291220502727144,-1.6621549481960591,-0.2337345267148656,-1.2975537783865867,0.129443743535334,0.07221934581860415,0.07716844886066947,0.07822925623628635,0.18550393652912592,-0.0010784117979533148,0.9442359097917029,1.2000924292670776,1.1446028366151053,1.1020067145136982
1.1079195612074126,-0.7814833172210963,0.061022028182539566,0.05722557977481473,-0.7022951873801848,0.15773193480151537,2.5373406605564783,0.5964425955197896,1.885194642786557,-2.1589722084408596,-1.6621549481960591,-1.7377653942713935,-1.2975537783865867,0.129443743535334,0.07221934581860415,0.07716844886066947,0.07822925623628635,0.18550393652912592,-0.0010784117979533148,1.1150249529581044,0.9595598431537679,1.2136164139250185,1.1020067145136982
0.4428863031693786,-0.7814833172210963,-0.38773624118470845,-0.38520502206629026,-0.6441578599100595,0.5921027068758632,1.4224440440997799,0.5006649992847361,1.1018313357517953,-2.0253083256133992,-1.6621549481960591,-0.2337345267148656,-1.2975537783865867,0.129443743535334,0.07221934581860415,0.07716844886066947,0.07822925623628635,0.18550393652912592,-0.0010784117979533148,0.9686343445297607,1.131368833234703,0.9720688933403244,1.028880228296617
0.4941613805798344,-1.277724026164434,-0.9486840778937685,-0.9540443672905681,0.48804195810984213,1.4112018770732047,0.23502011371322387,-0.4211943644776334,-0.20182238983674955,-1.5227199101380224,0.3611399030693309,-0.2337345267148656,-1.2160037515658968,0.129443743535334,0.07221934581860415,0.07716844886066947,0.07822925623628635,0.18550393652912592,-0.0010784117979533148,0.8222437361014153,0.9841039845939019,1.1446028366151053,0.9873310884005472
-0.4420184684101797,-1.1713867313908617,-1.7714075717337232,-1.7757011992811915,-0.8037891658449802,0.13291074782583834,0.880175871345126,0.06825732216472596,0.513367815731557,-1.2580389540440422,-1.3249391396518275,1.2702963408416623,-1.2160037515658968,0.129443743535334,0.07221934581860415,0.07716844886066947,0.07822925623628635,0.18550393652912592,-0.0010784117979533148,0.8710406055775293,0.8368391359530993,0.9967165995224365,0.904232808608413
-0.9972847878451906,-1.0296036716927652,-1.6966145268391821,-1.6914287036924096,-1.4019138738850847,-1.0088638530553045,1.360353073308083,0.07858627862144169,0.8727752913563278,-1.513540910314507,-1.6621549481960591,-0.2337345267148656,-1.2160037515658968,0.129443743535334,0.07221934581860415,0.07716844886066947,0.07822925623628635,0.18550393652912592,-0.0010784117979533148,0.8588413882085012,0.8859274188333657,0.8488303624297658,0.86683858270195
-0.16408906962385297,-1.2422782612399101,-2.033183228864618,-2.028518686047537,-0.060813828345410444,1.0016522919745339,0.9307763229240977,-0.6007773574183545,0.10349272716024595,-1.8062339342617668,0.023924094525099204,-1.7377653942713935,0.3779811698370916,0.129443743535334,0.07221934581860415,0.07716844886066947,0.07822925623628635,0.18550393652912592,-0.0010784117979533148,0.8832398229465591,0.8736553481132995,0.8981257747939883,0.8876131526499849
1.1365642788999402,-1.4549528507870548,-2.388450192113689,-2.3866767922998604,-0.9811572835504477,-0.12771171541877033,0.3636295948097806,-0.4635665608512287,-0.2163213725617217,-1.5792869811391341,-0.3132917140191325,-0.2337345267148656,0.3779811698370916,0.129443743535334,0.07221934581860415,0.07716844886066947,0.07822925623628635,0.18550393652912592,-0.0010784117979533148,0.8881195098941697,0.8981994895534335,0.885801921702933,0.8934300322354327
1.3948028287130374,-1.2422782612399101,-2.033183228864618,-2.028518686047537,-0.28942162449912434,0.41835439804612407,-0.18875866826067256,-0.8719124644072885,-0.8710062079123584,-1.2916330753944323,0.6983557116135626,-0.2337345267148656,0.3779811698370916,0.129443743535334,0.07221934581860415,0.07716844886066947,0.07822925623628635,0.18550393652912592,-0.0010784117979533148,0.877140214262045,0.9031083178414594,0.9104496278850451,0.8996624032198444
0.5890058904774763,-0.8523748470701445,-2.033183228864618,-2.028518686047537,-1.248194838540346,0.10808956085016133,-0.18559614003698618,-1.245163390911535,-0.9211949942680295,-1.1511485679291655,0.3611399030693309,1.2702963408416623,-0.20154455267589622,0.129443743535334,0.07221934581860415,0.07716844886066947,0.07822925623628635,0.18550393652912592,-0.0010784117979533148,0.8661609186299187,0.8920634541934005,0.9153791691214666,0.8938455236343965
0.018356095282129944,-0.6397002575229997,-1.920993661522806,-1.9231780665615599,-1.0057917443428739,-0.10289052844309331,-0.45899125233975313,-1.9956721666834043,-1.617780735928633,-1.1506044625154448,0.023924094525099204,2.7743272083981902,-0.20154455267589622,0.129443743535334,0.07221934581860415,0.07716844886066947,0.07822925623628635,0.18550393652912592,-0.0010784117979533148,0.8222437361014153,0.8810185905453399,0.9042877013395175,0.8714089880905187
-0.35667875569686824,-0.5688087276739514,-2.1266745349827945,-2.133859305533515,-1.4955248248963036,-1.7907312427891304,2.0186860318720075,-1.2838969776242353,0.4673614282388593,-1.8729131751239043,-2.336586565284523,-0.2337345267148656,-0.20154455267589622,0.129443743535334,0.07221934581860415,0.07716844886066947,0.07822925623628635,0.18550393652912592,-0.0010784117979533148,0.7588078057824662,0.8368391359530993,0.8931962335575668,0.8311063223913316
0.0038318080750961345,-0.7814833172210963,-2.107976273759159,-2.112791181636319,-1.7438401896839584,-1.827963023252646,3.925690550754536,-0.11789864306663764,2.3335478008972173,-2.549173017944023,-2.336586565284523,-0.2337345267148656,-0.8886469063140494,0.129443743535334,0.07221934581860415,0.07716844886066947,0.07822925623628635,0.18550393652912592,-0.0010784117979533148,0.6953718754635154,0.7730243682087521,0.8488303624297658,0.7729375265368356
0.7871164821546344,-1.3131697910889581,-1.8462006166282645,-1.838905570972778,-0.37219341276167567,0.45558617850963956,2.9737695554251133,0.783068058771909,2.3117993268097567,-3.001370251393815,-0.9877233311075959,-0.2337345267148656,-0.8886469063140494,0.129443743535334,0.07221934581860415,0.07716844886066947,0.07822925623628635,0.18550393652912592,-0.0010784117979533148,0.7490484318872417,0.7092096004644032,0.784746326356276,0.7480080425991941
0.0573034362659441,-1.3486155560134825,-1.416140608484652,-1.4175430930288686,0.5116910404705709,1.0388840724380495,1.0368264360250288,0.08950210760411857,0.6307538104856573,-3.2807952940804666,0.023924094525099204,-1.7377653942713935,-0.8886469063140494,0.129443743535334,0.07221934581860415,0.07716844886066947,0.07822925623628635,0.18550393652912592,-0.0010784117979533148,1.151622605065192,0.763206711632697,0.7206622902827842,0.8817962730645335
-0.49741803189136324,-0.3915799030513308,-0.8551927717755918,-0.8487037478045907,0.7846408660506514,1.78351968170836,0.6271736134502633,-0.3225997801180221,0.0867631317083571,-1.456040669275885,0.3611399030693309,-1.7377653942713935,-1.2946619334638672,0.129443743535334,0.07221934581860415,0.07716844886066947,0.07822925623628635,0.18550393652912592,-0.0010784117979533148,1.2126186919103359,1.168185045394905,0.7748872438834297,1.057964626223865
-1.1042032782597182,-0.3915799030513308,-0.5560205921974265,-0.5537500132438541,0.069256124638599,0.6541556743150557,0.6935867061476636,-0.11484690593170005,0.3084302714458992,-0.5729224792315475,0.6983557116135626,-0.2337345267148656,-1.2946619334638672,0.129443743535334,0.07221934581860415,0.07716844886066947,0.07822925623628635,0.18550393652912592,-0.0010784117979533148,1.3346108656006235,1.2295453989952392,1.1815743958882743,1.257400497724995
-1.1069275346482357,-0.7460375522965721,-0.7056066819865092,-0.7012268805242223,0.7225620248537377,1.0388840724380495,0.7459792570533926,-0.23797276187602137,0.24611252838760947,-0.4579219971543051,0.6983557116135626,-1.7377653942713935,-1.2946619334638672,0.129443743535334,0.07221934581860415,0.07716844886066947,0.07822925623628635,0.18550393652912592,-0.0010784117979533148,1.1394233876961624,1.3522661061959078,1.2431936613435537,1.2532455837353884
0.5243114690105742,-0.9232663769191928,-0.5934171146446972,-0.595886261038245,1.6389639663319868,2.180658673319192,-0.20773383760278744,-0.24865384184831457,-0.4945903102448296,0.6517359445417517,1.7100031372462576,-0.2337345267148656,0.6868302075835342,0.129443743535334,0.07221934581860415,0.07716844886066947,0.07822925623628635,0.18550393652912592,-0.0010784117979533148,1.276054622229285,1.155912974674837,1.3664321922541123,1.2748511364813437
1.5101074566256452,-0.675146022447524,-0.25684841261926117,-0.2587962786831174,-0.41555006375634557,0.3811226175826085,0.04663884918900791,-0.44173490288588657,-0.4064811075315382,0.8727784763361353,1.0355715201577942,-0.2337345267148656,0.6868302075835342,0.129443743535334,0.07221934581860415,0.07716844886066947,0.07822925623628635,0.18550393652912592,-0.0010784117979533148,1.1882202571722782,1.2933601667395864,1.1692505427972175,1.224992168606061
0.7630515823645961,-0.8169290821456204,-0.31294319629016715,-0.3220006503747038,0.34220595021867983,1.3491489096340121,-0.2931220996422991,-0.5409163597714514,-0.6995278545304874,0.927614941085863,2.0472189457904895,-0.2337345267148656,0.6868302075835342,0.129443743535334,0.07221934581860415,0.07716844886066947,0.07822925623628635,0.18550393652912592,-0.0010784117979533148,1.249216344017422,1.205001257555105,1.3072776974170437,1.2623863945125222
-0.06451845116073268,-0.7460375522965721,-0.1259605840538138,-0.13238753529994457,1.3088621917134777,1.5601289989272669,-1.1596548329322034,-1.2169935096659301,-1.5987436100695895,1.3302353954518975,2.0472189457904895,1.2702963408416623,0.2686694317582945,-4.2613116341384565,-3.760723143862857,-3.7847331971186495,-3.52466279215818,-3.459819849998327,-3.539951795760584,1.2736147787554797,1.2663616111554394,1.2185459551614415,1.2615554117146015
-0.329125626583401,-1.1004952015418135,-0.46252928607924987,-0.4694775176550721,0.9294914955101166,1.2002217877799501,-0.9727268254250633,-1.2981076766454591,-1.5634919625102441,1.273190832249774,1.372787328702026,1.2702963408416623,0.2686694317582945,0.129443743535334,0.07221934581860415,0.07716844886066947,0.07822925623628635,0.18550393652912592,-0.0010784117979533148,1.2736147787554797,1.2909057525955734,1.280165220616721,1.2906398096418497
-0.5443964997592712,-1.2068324963153858,-0.5747188534210618,-0.5748181371410496,-0.2933631382259126,0.5796921133880246,-0.005332031286893173,-1.1747386877975246,-0.6075150795450873,0.40996007118667377,-0.3132917140191325,-0.2337345267148656,0.2686694317582945,-4.015920510496877,-3.4982341074003633,-3.2732353159180474,-2.85746056097402,-3.459819849998327,-2.918082347197033,1.171954634013574,1.2909057525955734,1.3048129267988329,1.2643253543743382
0.14944788421991698,-1.0296036716927652,-0.6121153758683325,-0.6169543849354404,-0.9082392796048666,0.02121540643529177,0.4682038614063263,-0.7910414303313686,-0.16445962666086308,-0.36377362373343897,-0.9877233311075959,1.2702963408416623,-0.7562004088534964,-4.210806078489631,-4.502546535575658,-3.7088477507547206,-3.91755594602816,-3.9504311805024206,-3.4881124338982716,1.0702944892716666,1.188638496595017,1.3048129267988329,1.195076787880892
0.41727934090823215,-0.5333629627494274,-1.2852527799192046,-1.2911343496456957,0.7826701091872574,1.5973607793907822,0.861200702003011,0.08938473309892866,0.48409102369074813,-0.8294594059072514,0.023924094525099204,-0.2337345267148656,-0.7562004088534964,-4.133034842436184,-3.433233235530311,-3.6422265958678963,-3.9652831456321995,-3.7661026127190413,-3.0965129379850644,0.9686343445297607,1.0863712405944586,1.2021141510400346,1.0912039381407197
0.31426461464473066,-0.5688087276739514,-1.02347712278831,-1.0172487389821545,1.207368213248683,0.5176391459488321,0.41264878227691093,-0.2488885908586944,0.07324004205141098,0.8238633996426132,0.6983557116135626,-1.7377653942713935,-0.7562004088534964,0.129443743535334,0.07221934581860415,0.07716844886066947,0.07822925623628635,0.18550393652912592,-0.0010784117979533148,0.8669741997878551,0.9841039845939019,1.0994153752812348,0.9873310884005507
-0.3584981017465426,-1.1004952015418135,-1.4722353921555578,-1.4807474647204548,-0.10515585777177734,-0.11530112193093182,0.6872616497002944,0.1738943768357356,0.5300974111834504,0.9917491727547887,-0.6505075225633642,1.2702963408416623,-1.0673629225381145,-3.7705476859696643,-3.107776958183269,-3.7649784579395296,-3.4283632701239326,-3.855230151457235,-2.7112901038609034,0.7653140550459475,0.8818367285933454,0.9967165995224365,0.8834582386603782
-1.5003402001734298,-1.277724026164434,-1.0608736452355807,-1.0593849867765455,0.28406862274855427,0.7534404222177638,0.6208485570028905,-0.2556963121597168,0.1704111089678059,-0.07410067736212338,0.023924094525099204,-0.2337345267148656,-1.0673629225381145,-2.9344428514948415,-2.653260432922745,-3.340905515575074,-2.903786635892573,-3.234253028244005,-2.2918941595127182,0.6636539103040417,0.7795694725927871,0.8940178237636383,0.7795853889202058
-1.9689034023010243,-0.8878206119946688,-0.013771016712001798,-0.005978791916771716,0.350088977672256,1.1133476333650805,0.0891221449938533,-0.5508931927126012,-0.3114012400466323,0.9379985785941654,0.6983557116135626,-1.7377653942713935,-1.0673629225381145,-2.6341665841662905,-2.414107939682813,-3.163680527881934,-2.595205603969899,-3.2159859814771163,-2.296522070114163,0.5733797017732278,0.6773022165922304,0.7913190480048383,0.6795904589036686
-0.7832541181021351,-0.8169290821456204,-1.1169684289064865,-1.1225893584681317,1.6074318565176822,1.857983242635391,0.051593476739447953,-0.4634491863460388,-0.44021912502618504,1.0278883032983896,1.372787328702026,-0.2337345267148656,0.4311911164151304,-2.277504645772792,-1.872609753320012,-2.7173778272917803,-2.1457781810442484,-2.9816535855220585,-1.961583078840137,0.8856796664203643,0.5864888932637345,0.68862027224604,0.720585610267789
0.10014488267358816,-0.7460375522965721,-1.079571906459216,-1.080453110673741,0.1717354815350914,1.3863806900975277,0.2100361407461045,-0.8055958689749289,-0.5750317817093357,1.0889515572075068,0.6983557116135626,-0.2337345267148656,0.4311911164151304,-0.771020906074448,-1.3666687260093395,-2.1476511493659647,-1.895621824498934,-2.7813774480982336,-1.8649694065295122,0.8588413882085012,0.9006539036974465,0.5974237593722256,0.7870642341014984
0.022831667513584952,-0.4979171978249033,-1.1730632125773925,-1.1647256062625226,1.5946219369056205,0.8527251701204719,-0.732713522734624,-1.2381209206001327,-1.4147180600987894,1.0660634411965593,-0.14468380974701664,2.7743272083981902,0.4311911164151304,0.3264593284402324,0.07221934581860415,-1.0865900481603046,-1.5484542635394427,-2.3482220811118215,-1.4446966711853335,0.8466421708394731,0.8736553481132995,0.9129143985032558,0.8801343074686923
-0.9647560044709076,-0.6042544925984756,-1.3039510411428399,-1.3122024735428912,-0.5929181814618132,-0.12771171541877033,-0.9066525750373408,-1.8930706595604128,-1.732580373684705,0.9179439061516593,-0.9877233311075959,1.2702963408416623,-0.40513043523534903,0.7734822935706498,0.4891890175134013,-1.210949537282377,-1.4979841214294245,-2.2066315095377687,-1.0179627349753593,0.8710406055775293,0.8613832773932334,0.885801921702933,0.875148410681165
-1.441404780508878,1.203479518552255,-0.3690379799610731,-0.3641368981690948,-0.5554738010573257,-0.5993142679566337,-0.4615267275535673,-1.758131898058035,-1.5171868322416207,0.6493545430823906,-0.9877233311075959,2.7743272083981902,-0.40513043523534903,0.9021860646081182,1.6837338157772987,-0.28739050340209443,-1.1227347598952024,-1.8979889039574867,-0.0010784117979533148,0.9051984142108099,0.8859274188333657,0.8734780686118779,0.890937083841669
-1.3970894161413259,1.6997202274955927,0.023625505735268865,0.015089331980423748,0.6654100758153098,0.6789768612907328,0.045268420292075166,-0.8754336995629896,-0.5238671022856385,0.9948031837866425,-0.3132917140191325,1.2702963408416623,-0.40513043523534903,1.1371100948326216,1.96492723599537,0.01013857523220806,-0.7909795704760649,-1.603008546511543,0.18329406838441717,0.9832734053725941,0.920289216849553,0.8981257747939883,0.9374721205252661
0.26722167905920857,1.1680337536277308,-0.20075362894835516,-0.19559190699153098,2.817476570641649,1.4608442510245587,-0.2474762756137708,-0.8601750138882861,-0.8473059476888504,0.7823118828814486,0.023924094525099204,-0.2337345267148656,-0.8170274749579783,2.6595964100436102,3.173807877379313,0.6777125199059114,0.07822925623628635,0.18550393652912592,1.487611252507457,1.0052319966368466,0.998830469457981,0.9326325634489447,0.9831761744109406
-0.16365416018963283,1.487045637948448,0.061022028182539566,0.05722557977481473,-0.09825820874989816,0.20737430875286939,0.772649911739806,-0.498661537903042,0.26660628281617477,0.02362767565719176,-0.9877233311075959,-0.2337345267148656,-0.8170274749579783,2.687045081591885,2.6842300475353484,1.636839166947314,1.3826096182013201,1.295555387331336,2.248462943245897,1.0296304313749045,1.0209201967541022,1.0115052232317023,1.0255562971049326
-0.5243556505177212,1.5933829327220208,-0.5186240697501558,-0.5116137654494631,-0.34361743824246166,0.5672815199001862,0.7067639070796862,-0.5945565086432855,0.13806722442748195,0.15535735149781052,-1.999370756740291,-1.7377653942713935,-0.8170274749579783,2.7138715832517324,2.972327770481989,2.511497274050411,1.7336321253854305,0.9556200234106308,2.619468720063117,1.0320702748487098,1.0454643381942363,1.0336881587956037,1.042175953063361
-0.631126288108254,1.6997202274955927,-0.38773624118470845,-0.38520502206629026,1.8380104095347898,1.3367383161461737,0.4753722587133444,-0.5690862410170523,-0.22273438415161173,0.5743676650681272,0.023924094525099204,-0.2337345267148656,-0.7318684256737343,2.052065813108456,3.7198754568206573,2.73220539453437,1.8129550573151036,1.4523669453495995,2.8643905024151097,1.0662280834819904,1.0479187523382492,1.0583358649777157,1.062950523011394
-1.3954714364554741,2.2668524662879785,-0.49992580852652047,-0.4905456415522676,0.6821615091541593,0.5921027068758632,0.41212169423962697,-0.857827523784488,-0.2771055693702562,1.0299243106529583,0.023924094525099204,-1.7377653942713935,-0.7318684256737343,1.7126172416281216,1.9310333862369415,2.2635412374573214,1.7328907895730044,0.9744987662871709,-0.0010784117979533148,1.0296304313749045,1.0822805503544366,1.0608006355959265,1.062950523011394
-1.7430981916348918,2.4440812909105993,-1.2665545186955693,-1.2700662257485003,-0.25887489311651585,-0.32628121122418646,0.7459792570533926,-0.358046880685409,0.1164581636354583,0.5382624679804358,-0.9877233311075959,-0.2337345267148656,-0.7318684256737343,1.0126761171471081,1.5575796516486593,2.3975056170078624,1.8129550573151036,1.1845558313526245,-0.0010784117979533148,1.0515890226391553,1.0454643381942363,1.095307424250883,1.0695983853947642
-0.5410823561342918,2.7630931752313166,-0.03246927793563711,-0.02704691581396718,0.6476732640447629,1.125758226852919,0.34254607331854375,-0.5409163597714514,-0.23528158074053182,0.13866209119034462,1.372787328702026,-0.2337345267148656,0.6564079989965249,1.0515617351738311,1.104600902904953,0.9651780348572409,1.848172215084441,0.9297859542111542,-0.7514665802370946,1.1760210398032482,1.0675540654903557,1.0583358649777157,1.1069926113012274
0.5409427685013147,2.479527055835124,-0.0698658003829078,-0.06918316360835813,-0.10022896561329213,0.7658510157056023,0.20676819491496548,-0.6891603598264361,-0.4410556047987834,0.7639029830505535,1.0355715201577942,-0.2337345267148656,0.6564079989965249,0.7370914548024262,0.8953879769516325,2.2330235714150954,1.486025964034865,1.247433223334523,4.33778584003558,1.1760210398032482,1.1927291868350371,1.0805188005416153,1.1568515791765066
0.3214400964139019,2.4440812909105993,-0.03246927793563711,-0.02704691581396718,0.6821615091541593,1.3739700966096893,-0.7896390307609686,-1.1782599229532218,-1.3603468748801495,1.1179816287380708,2.0472189457904895,1.2702963408416623,0.6564079989965249,0.35390799998850747,0.09481524565755635,1.931116660925926,4.192276053978125,1.4996414289508049,3.3416763911186225,1.0613483965343782,1.1927291868350371,1.2062221020703847,1.1601755103681946
-0.98189750193606,2.337743996137027,0.04232376695890422,0.03615745587761924,2.667699049023699,2.36681757563677,-1.5170205222086994,-1.5550320846131693,-2.1131786702152118,1.2472680957532065,2.7216505628789527,1.2702963408416623,0.26032935100117144,0.129443743535334,0.177365599735862,1.8566317574500055,3.657395593289845,1.7737402821459698,1.7246395004933113,1.0296304313749045,1.077371722066409,1.2062221020703847,1.1103165424929116
-1.60565141742022,1.4515998730239241,-0.48122754730288514,-0.4905456415522676,-0.3928863598273138,-0.05324815449173928,-0.39500068741960537,-1.496931704544111,-1.3829019544626098,0.9778970512888808,1.7100031372462576,1.2702963408416623,0.26032935100117144,-0.5839216112442228,-0.6701877733067036,1.5076431727158706,1.2391611384967256,1.6456567058865468,3.3082206553458664,1.0125515270582641,1.0454643381942363,1.09037788301446,1.0546406950321807
-1.8231857666400688,1.3098168133258274,-0.44383102485561454,-0.4484093937578767,-0.8747364129271673,-0.5620824874931182,0.05475600496313434,-1.8050397806679008,-1.1303149374166608,0.32190275310156136,-1.3249391396518275,1.2702963408416623,0.26032935100117144,-1.057868673311105,-1.0898124632325774,1.0659953244610247,0.9589362013993782,1.48031245289711,2.093394122466824,0.7441687449396311,1.0282834391861426,1.0583358649777157,0.9466129313024017
-0.9959887466817832,1.5224914028729721,-0.14465884527744913,-0.15345565919714002,-1.4432997680163606,-1.0585062270066585,2.017210185367622,-0.6127495569477405,1.0370041533757242,-1.2368814442844795,-1.999370756740291,-0.2337345267148656,-1.0737249813680974,-1.389997599045233,-1.2155774757528797,0.924987358596273,0.6301500619090102,0.9617649300146885,1.956078507804982,1.1003858921152712,0.7582978833446713,1.0410824706502375,0.9707114324421208
-0.9216824247479201,0.7072388096089172,0.26670290164252825,0.2679068187467694,0.4220216031861402,0.4804073654853166,1.6455077014770831,0.1633306713686323,0.9650668929325925,-1.2371698786597094,-0.3132917140191325,-0.2337345267148656,-1.0737249813680974,-1.8712643068583217,-1.6748956297291802,0.07716844886066947,0.16274153885294668,0.7281125414099539,1.351744879161307,1.3224116482315937,1.1166423483706238,0.7699577026470084,1.0762462477781363
