Date,Year,Month,Region,Province,Urea_Prilled,Urea_Granular,Ammosul,Complete,Ammophos,MOP,DAP
2021-01-01,2021,January,REGION VIII,Biliran,1075.0,1068.18,640.63,1125.63,1058.0,1208.57,1663.33
2021-01-01,2021,January,REGION VII,Bohol,1049.0,,730.0,1053.665,1023.75,1197.5,1685.0
2021-01-01,2021,January,REGION VII,Cebu,1158.95,,671.82,1186.14,1050.0,1331.67,1615.45
2021-01-01,2021,January,REGION VIII,Eastern Samar,,1233.0,,1249.5,1220.0,,
2021-01-01,2021,January,REGION VIII,Leyte,1035.0,1036.25,670.0,1572.5,1039.09,1229.0,1650.0
2021-01-01,2021,January,REGION VII,Negros Oriental,965.23,,581.605,1045.155,930.5350000000001,1058.0,1482.535
2021-01-01,2021,January,REGION VIII,Northern Samar,1262.73,,800.0,1305.83,1211.43,1347.86,
2021-01-01,2021,January,REGION VII,Siquijor,1080.0,,730.0,1080.0,1050.0,1200.0,1650.0
2021-01-01,2021,January,REGION VIII,Southern Leyte,1050.0,1146.67,736.67,1185.8,1013.33,1238.0,
2021-01-01,2021,January,REGION VIII,Western Samar,1262.73,,800.0,1305.83,1211.43,1347.86,
2021-03-01,2021,March,REGION VIII,Biliran,1075.0,1068.18,640.63,1125.63,1058.0,1208.57,1663.33
2021-03-01,2021,March,REGION VII,Bohol,1122.3166666666666,,724.8333333333334,1128.2066666666667,1037.9166666666667,1259.8333333333333,1714.9166666666667
2021-03-01,2021,March,REGION VII,Cebu,1226.0,,706.67,1280.0,1200.0,1331.67,1830.0
2021-03-01,2021,March,REGION VIII,Eastern Samar,,1236.5,,1249.5,1220.0,,
2021-03-01,2021,March,REGION VIII,Leyte,1095.8333333333333,1080.0,665.77,1097.5633333333333,1032.88,1209.3033333333333,1476.6666666666667
2021-03-01,2021,March,REGION VII,Negros Oriental,1043.94,,593.51,1047.9133333333332,939.0466666666666,1043.93,1564.6666666666667
2021-03-01,2021,March,REGION VIII,Northern Samar,1251.82,,797.5,1302.5,1203.75,1347.86,
2021-03-01,2021,March,REGION VII,Siquijor,1150.0,,743.3333333333334,1155.0,1083.3333333333333,1236.6666666666667,
2021-03-01,2021,March,REGION VIII,Southern Leyte,1000.0,1135.56,718.57,1151.8,1043.3333333333333,1223.33,
2021-03-01,2021,March,REGION VIII,Western Samar,1239.5466666666666,1207.0,802.7766666666666,1284.2833333333333,1204.1666666666667,1338.24,
2021-04-01,2021,April,REGION VIII,Biliran,1075.0,1068.18,640.63,1125.63,1058.0,1208.57,1663.33
2021-04-01,2021,April,REGION VII,Bohol,1153.325,,692.5,1161.565,1042.71,1238.125,1741.25
2021-04-01,2021,April,REGION VII,Cebu,1172.75,,573.33,1200.065,961.67,1200.0,1633.335
2021-04-01,2021,April,REGION VIII,Eastern Samar,1305.0,1295.0,,1246.25,,,
2021-04-01,2021,April,REGION VIII,Leyte,1101.25,1080.0,666.25,1101.25,1032.27,1217.5,1660.0
2021-04-01,2021,April,REGION VII,Negros Oriental,1122.995,,625.835,1107.855,999.4649999999999,1079.5,1719.7199999999998
2021-04-01,2021,April,REGION VIII,Northern Samar,1284.0,,820.0,1291.5,1166.67,1400.0,
2021-04-01,2021,April,REGION VII,Siquijor,1160.0,,750.0,1170.0,1050.0,1230.0,
2021-04-01,2021,April,REGION VIII,Southern Leyte,1000.0,1135.56,718.57,1151.8,1010.0,1223.33,
2021-04-01,2021,April,REGION VIII,Western Samar,1207.5,1207.0,800.0,1216.25,1235.0,1315.0,
2021-05-01,2021,May,REGION VIII,Biliran,1075.0,1068.18,640.63,1125.63,1058.0,1208.57,1662.4975
2021-05-01,2021,May,REGION VII,Bohol,1140.5175,,728.125,1143.5425,1062.2925,1212.2925,1783.75
2021-05-01,2021,May,REGION VII,Cebu,1194.0,,715.3,1212.29,950.94,1249.47,1768.44
2021-05-01,2021,May,REGION VIII,Eastern Samar,1275.0,1267.25,,1246.25,,,
2021-05-01,2021,May,REGION VIII,Leyte,1206.5425,1164.625,693.03,1127.2424999999998,1055.225,1221.1375,1660.0
2021-05-01,2021,May,REGION VII,Negros Oriental,1158.0825,,656.9649999999999,1106.7975000000001,1034.345,1027.38,1810.835
2021-05-01,2021,May,REGION VIII,Northern Samar,1297.25,,820.0,1300.75,1166.67,1400.0,
2021-05-01,2021,May,REGION VII,Siquijor,1162.5,,772.5,1156.25,1132.5,1260.0,
2021-05-01,2021,May,REGION VIII,Southern Leyte,1000.0,1174.445,751.25,1170.4,1060.0,1220.835,
2021-05-01,2021,May,REGION VIII,Western Samar,1260.83,1210.5,800.0,1227.19,1230.0,1315.0,
2021-07-01,2021,July,REGION VIII,Biliran,1247.5,1248.18,655.63,1161.25,1058.69,1208.57,1663.33
2021-07-01,2021,July,REGION VII,Bohol,1420.0,,792.5,1230.525,1166.67,1255.835,2025.42
2021-07-01,2021,July,REGION VII,Cebu,1293.045,,758.51,1189.7649999999999,1071.65,1225.55,1901.345
2021-07-01,2021,July,REGION VIII,Eastern Samar,1300.0,1296.67,,1292.5,,,
2021-07-01,2021,July,REGION VIII,Leyte,1339.69,1323.75,750.83,1251.44,1145.83,1236.78,1648.75
2021-07-01,2021,July,REGION VII,Negros Oriental,1392.72,,792.885,1235.46,1138.445,1108.25,1974.5
2021-07-01,2021,July,REGION VIII,Northern Samar,1403.0,,906.67,1389.0,1403.0,1433.33,
2021-07-01,2021,July,REGION VII,Siquijor,1380.0,,830.0,1267.5,1205.0,1280.0,
2021-07-01,2021,July,REGION VIII,Southern Leyte,1410.0,1304.445,824.79,1259.5,1086.0,1275.625,
2021-07-01,2021,July,REGION VIII,Western Samar,1315.0,1284.25,825.0,1292.5,1216.67,1355.0,
2021-08-01,2021,August,REGION VIII,Biliran,32246.875,1369.0900000000001,655.63,1197.19,1058.0,1208.4275,1663.33
2021-08-01,2021,August,REGION VII,Bohol,1588.22,,831.25,1282.7725,1209.48,1275.625,2117.9175
2021-08-01,2021,August,REGION VII,Cebu,1521.5,,818.855,1267.5825,1189.585,1392.2075,2046.04
2021-08-01,2021,August,REGION VIII,Eastern Samar,1500.0,1503.2475,,1383.75,,,
2021-08-01,2021,August,REGION VIII,Leyte,1455.8725,1430.1675,821.705,1296.8725,1183.165,1292.6925,1703.75
2021-08-01,2021,August,REGION VII,Negros Oriental,1547.345,,830.905,1307.3375,1203.55,1377.3899999999999,2017.71
2021-08-01,2021,August,REGION VIII,Northern Samar,1482.75,,919.165,1447.75,1482.75,1481.665,
2021-08-01,2021,August,REGION VII,Siquijor,1587.5,,850.0,1282.5,1260.0,1535.0,1990.0
2021-08-01,2021,August,REGION VIII,Southern Leyte,1490.0,1411.6675,786.2475000000001,1287.75,1012.0,1321.5625,
2021-08-01,2021,August,REGION VIII,Western Samar,1494.1675,1491.0,863.75,1415.0,1332.58,1367.1175,
2021-09-01,2021,September,REGION VIII,Biliran,1495.0,1490.0,655.63,1233.13,1058.0,1208.57,1663.33
2021-09-01,2021,September,REGION VII,Bohol,1691.3766666666668,,866.6666666666666,1336.75,1213.3333333333333,1474.7233333333334,2141.6666666666665
2021-09-01,2021,September,REGION VII,Cebu,1603.5466666666664,,850.6066666666667,1300.1033333333335,1258.96,1397.11,2044.4433333333334
2021-09-01,2021,September,REGION VIII,Eastern Samar,1563.3333333333333,1562.7766666666666,,1421.25,,,
2021-09-01,2021,September,REGION VIII,Leyte,1563.0333333333335,1556.6666666666667,914.4366666666666,1342.5733333333335,1231.25,1408.0666666666666,1795.0
2021-09-01,2021,September,REGION VII,Negros Oriental,1593.2666666666667,,846.2599999999999,1342.73,1265.8133333333333,1434.89,2019.4433333333334
2021-09-01,2021,September,REGION VIII,Northern Samar,1566.3333333333333,,933.33,1463.5,1566.3333333333333,1516.67,
2021-09-01,2021,September,REGION VII,Siquijor,1680.0,,850.0,1290.0,1250.0,1550.0,1990.0
2021-09-01,2021,September,REGION VIII,Southern Leyte,1523.3333333333333,1441.67,800.5566666666667,1320.1666666666667,1070.0,1343.3333333333333,
2021-09-01,2021,September,REGION VIII,Western Samar,1582.22,1538.0,874.1666666666666,1422.0833333333333,1326.6666666666667,1390.0,
2021-10-01,2021,October,REGION VIII,Biliran,1682.5,1682.73,795.0,1357.5,1112.67,1208.57,1713.33
2021-10-01,2021,October,REGION VII,Bohol,1701.67,,,1340.0,1240.0,1480.0,2183.33
2021-10-01,2021,October,REGION VII,Cebu,1701.0,,922.5,1382.0,1360.0,1460.0,2160.0
2021-10-01,2021,October,REGION VIII,Eastern Samar,1650.0,1660.0,,1470.0,,,
2021-10-01,2021,October,REGION VIII,Leyte,1602.5,1630.0,921.67,1364.55,1279.0,1455.0,
2021-10-01,2021,October,REGION VII,Negros Oriental,1683.89,,869.09,1378.57,1366.36,1498.0,2040.0
2021-10-01,2021,October,REGION VIII,Northern Samar,1584.0,,933.33,1467.5,1584.0,1550.0,
2021-10-01,2021,October,REGION VII,Siquijor,1680.0,,850.0,1290.0,1250.0,1550.0,1990.0
2021-10-01,2021,October,REGION VIII,Southern Leyte,1590.0,1441.67,802.78,1338.5,1138.0,1325.0,
2021-10-01,2021,October,REGION VIII,Western Samar,1700.0,1632.0,985.0,1456.25,1366.67,1475.0,
2021-11-01,2021,November,REGION VIII,Biliran,1954.585,1941.5175,1025.0,1522.035,1236.165,1444.2875,1883.33
2021-11-01,2021,November,REGION VII,Bohol,2068.375,,1094.4433333333334,1510.0825,1426.875,1565.8325,2305.0
2021-11-01,2021,November,REGION VII,Cebu,2112.6275,,989.6725,1486.545,1416.24,1513.75,2193.3325
2021-11-01,2021,November,REGION VIII,Eastern Samar,1765.0,2059.1675,,1526.46,,,
2021-11-01,2021,November,REGION VIII,Leyte,2177.5074999999997,2098.0,1054.1375,1541.59,1441.455,1655.75,
2021-11-01,2021,November,REGION VII,Negros Oriental,2212.375,1970.0,1148.78,1590.9325,1471.1625,1640.75,2352.25
2021-11-01,2021,November,REGION VIII,Northern Samar,1914.915,,995.0,1596.625,1914.915,1583.33,
2021-11-01,2021,November,REGION VII,Siquijor,2240.0,,1055.0,1565.0,1525.0,1700.0,2290.0
2021-11-01,2021,November,REGION VIII,Southern Leyte,2042.8125,1771.11,954.34,1497.8225,1268.9175,1500.4475,
2021-11-01,2021,November,REGION VIII,Western Samar,2004.1675,1646.0,1030.8325,1602.5,1465.83,1512.5,
2021-12-01,2021,December,REGION VIII,Biliran,2340.8333333333335,2347.78,1193.3333333333333,1595.6266666666668,1324.0,1522.86,1883.33
2021-12-01,2021,December,REGION VII,Bohol,2580.34,,1090.0,1747.5,1526.25,1640.0,2325.0
2021-12-01,2021,December,REGION VII,Cebu,2412.5,,1180.71,1681.25,1494.29,1630.0,2338.33
2021-12-01,2021,December,REGION VIII,Eastern Samar,,2550.0,,1766.67,,,
2021-12-01,2021,December,REGION VIII,Leyte,2464.443333333333,,1221.25,1707.4266666666665,1515.1533333333334,1746.5,
2021-12-01,2021,December,REGION VII,Negros Oriental,2333.75,,1214.29,1682.86,1552.86,1666.67,2421.67
2021-12-01,2021,December,REGION VIII,Northern Samar,2186.3333333333335,,1116.6666666666667,1686.0,1939.6666666666667,1623.33,
2021-12-01,2021,December,REGION VII,Siquijor,2280.0,,1050.0,1580.0,1550.0,1750.0,2380.0
2021-12-01,2021,December,REGION VIII,Southern Leyte,2075.0,2480.0,1058.75,1582.0,1310.0,1557.14,
2021-12-01,2021,December,REGION VIII,Western Samar,2303.33,,1050.0,1740.0,1510.0,1525.0,
2022-01-01,2022,January,REGION VIII,Biliran,2634.17,2673.33,1228.75,1605.0,1324.0,1522.86,1883.33
2022-01-01,2022,January,REGION VII,Bohol,2673.226666666667,,1260.0,1756.6666666666667,1589.1666666666667,1760.0,2287.5
2022-01-01,2022,January,REGION VII,Cebu,2534.6433333333334,,1236.07,1658.43,1505.6366666666665,1668.0,2485.556666666667
2022-01-01,2022,January,REGION VIII,Eastern Samar,,2550.0,,1791.67,,1906.67,
2022-01-01,2022,January,REGION VIII,Leyte,2524.103333333333,,1274.4233333333334,1782.7766666666666,1559.1166666666668,1770.3333333333333,
2022-01-01,2022,January,REGION VII,Negros Oriental,2405.4,,1293.6899999999998,1773.8233333333335,1596.6566666666665,1790.7466666666667,2640.28
2022-01-01,2022,January,REGION VIII,Northern Samar,2472.1666666666665,,1220.0,1765.0,1659.0,1798.89,
2022-01-01,2022,January,REGION VII,Siquijor,2280.0,,1050.0,1580.0,1550.0,1750.0,2380.0
2022-01-01,2022,January,REGION VIII,Southern Leyte,2218.94,2480.0,1142.7966666666669,1659.0733333333335,1515.5566666666666,1615.0,
2022-01-01,2022,January,REGION VIII,Western Samar,2438.33,,1050.0,1795.7133333333334,1510.0,1525.0,
2022-02-01,2022,February,REGION VIII,Biliran,2659.0733333333333,2721.665,1367.2233333333334,1655.5533333333333,1366.1133333333335,1601.11,1883.33
2022-02-01,2022,February,REGION VII,Bohol,2761.9733333333334,,1417.5,1764.3633333333335,1573.3333333333333,1825.0,2400.0
2022-02-01,2022,February,REGION VII,Cebu,2569.81,,1394.6666666666667,1827.9033333333334,1590.0,1750.8333333333333,2836.39
2022-02-01,2022,February,REGION VIII,Eastern Samar,,2583.3333333333335,,1844.4466666666667,,1906.67,
2022-02-01,2022,February,REGION VIII,Leyte,2536.98,,1406.8333333333333,1866.6366666666665,1649.5600000000002,1818.5566666666666,
2022-02-01,2022,February,REGION VII,Negros Oriental,2514.71,2430.0,1299.72,1811.2699999999998,1618.8866666666665,1894.96,2870.28
2022-02-01,2022,February,REGION VIII,Northern Samar,2889.6666666666665,,1321.6666666666667,1886.5,1435.0,1875.0,
2022-02-01,2022,February,REGION VII,Siquijor,2445.0,,1285.0,1735.0,1625.0,1785.0,2680.0
2022-02-01,2022,February,REGION VIII,Southern Leyte,2397.1766666666667,2480.0,1359.9966666666667,1797.0199999999998,1606.5,1773.3366666666668,
2022-02-01,2022,February,REGION VIII,Western Samar,2544.4466666666667,,1050.0,1844.4466666666667,1510.0,1525.0,
2022-03-01,2022,March,REGION VIII,Biliran,2611.11,,1436.67,1757.78,1606.11,1693.335,
2022-03-01,2022,March,REGION VII,Bohol,2823.5,,1415.0,1759.67,1558.335,1777.5,
2022-03-01,2022,March,REGION VII,Cebu,2634.0,,1432.0,1882.5,1664.585,1830.0,2900.0
2022-03-01,2022,March,REGION VIII,Eastern Samar,,2881.25,2030.0,1945.5,,1906.67,
2022-03-01,2022,March,REGION VIII,Leyte,2521.11,,1444.0349999999999,1877.835,1693.2150000000001,1852.225,
2022-03-01,2022,March,REGION VII,Negros Oriental,2820.0,2430.0,1410.0,1974.5,1785.415,1922.5,3050.0
2022-03-01,2022,March,REGION VIII,Northern Samar,2887.75,,1327.5,1991.145,1577.5,1932.5,
2022-03-01,2022,March,REGION VII,Siquijor,2795.0,,1560.0,1935.0,1750.0,1885.0,3015.0
2022-03-01,2022,March,REGION VIII,Southern Leyte,2381.7349999999997,2480.0,1458.665,1856.25,1684.5,1834.335,
2022-03-01,2022,March,REGION VIII,Western Samar,2760.0,2900.0,1400.0,2038.33,1562.5,1525.0,
2022-04-01,2022,April,REGION VIII,Biliran,2746.67,,1536.67,1861.11,1726.11,1821.11,
2022-04-01,2022,April,REGION VII,Bohol,2882.5,,1750.0,1853.0,1737.0,2002.5,2615.0
2022-04-01,2022,April,REGION VII,Cebu,3050.0,,1592.5,2005.0,1860.0,2310.0,3350.0
2022-04-01,2022,April,REGION VIII,Eastern Samar,,3007.5,,2053.0,,1906.67,
2022-04-01,2022,April,REGION VIII,Leyte,2857.78,,1499.0,1983.33,1835.0,1922.78,
2022-04-01,2022,April,REGION VII,Negros Oriental,3177.0,,1766.67,2387.5,2300.0,2275.0,3350.0
2022-04-01,2022,April,REGION VIII,Northern Samar,2887.5,,1600.0,2249.29,1752.5,1932.5,
2022-04-01,2022,April,REGION VII,Siquijor,2980.0,,1600.0,1980.0,1800.0,1950.0,3050.0
2022-04-01,2022,April,REGION VIII,Southern Leyte,2682.22,,1503.33,1972.5,1746.0,1922.0,
2022-04-01,2022,April,REGION VIII,Western Samar,2793.33,2900.0,,2066.0,1562.5,1912.5,
2022-05-01,2022,May,REGION VIII,Biliran,2871.67,,1536.67,1945.5549999999998,1726.11,1821.11,
2022-05-01,2022,May,REGION VII,Bohol,3047.085,,1750.0,1930.75,1820.625,2247.5,2680.0
2022-05-01,2022,May,REGION VII,Cebu,3057.5,,1527.5,2181.0,2153.25,2607.915,3612.5
2022-05-01,2022,May,REGION VIII,Eastern Samar,3122.5,3030.0,,2109.0,1973.33,1906.67,
2022-05-01,2022,May,REGION VIII,Leyte,2911.3900000000003,,1506.645,2078.6099999999997,1945.0,1962.225,
2022-05-01,2022,May,REGION VII,Negros Oriental,3169.165,,1591.375,2442.085,2348.335,2140.5,3400.0
2022-05-01,2022,May,REGION VIII,Northern Samar,2957.915,,1600.0,2249.29,1752.5,1932.5,
2022-05-01,2022,May,REGION VII,Siquijor,3210.0,,1680.0,2150.0,1970.0,2680.0,3480.0
2022-05-01,2022,May,REGION VIII,Southern Leyte,2743.6099999999997,,1492.38,2116.4300000000003,1828.335,1979.335,
2022-05-01,2022,May,REGION VIII,Western Samar,2888.75,,,2132.0,1562.5,1912.5,
2022-06-01,2022,June,REGION VIII,Biliran,3005.556666666667,,1536.67,2370.0,2135.37,1821.11,
2022-06-01,2022,June,REGION VII,Bohol,3108.25,,1650.0,2147.0,2142.5,2355.0,
2022-06-01,2022,June,REGION VII,Cebu,3064.83,,1565.75,2341.5,2232.1666666666665,2516.6833333333334,3740.5
2022-06-01,2022,June,REGION VIII,Eastern Samar,3209.1666666666665,,,2448.2066666666665,,2083.33,
2022-06-01,2022,June,REGION VIII,Leyte,2943.896666666667,2950.0,1554.5533333333333,2391.8766666666666,2224.1299999999997,2399.2533333333336,2980.0
2022-06-01,2022,June,REGION VII,Negros Oriental,2853.89,,1466.2766666666666,2397.2766666666666,2315.556666666667,2109.585,3400.0
2022-06-01,2022,June,REGION VIII,Northern Samar,3259.763333333334,,1700.0,2248.5699999999997,2600.0,1932.5,
2022-06-01,2022,June,REGION VII,Siquijor,3210.0,,1680.0,2150.0,1970.0,2680.0,3480.0
2022-06-01,2022,June,REGION VIII,Southern Leyte,2718.75,,1481.43,2357.14,1891.67,2054.0,
2022-06-01,2022,June,REGION VIII,Southern Samar,3155.0,,1677.5,2470.835,,2705.0,
2022-06-01,2022,June,REGION VIII,Western Samar,3247.5,,1680.0,2270.335,2123.75,2137.5,
2022-07-01,2022,July,REGION VIII,Biliran,3018.75,,,2433.75,2267.5,2500.0,
2022-07-01,2022,July,REGION VII,Bohol,3130.0,,1225.0,2228.0,2093.33,2733.33,
2022-07-01,2022,July,REGION VII,Cebu,2884.0,,1665.0,2382.0,2250.0,2650.0,3825.0
2022-07-01,2022,July,REGION VIII,Leyte,2941.15,2887.5,1552.5,2386.43,2315.0,2277.5,
2022-07-01,2022,July,REGION VII,Negros Oriental,2645.0,,1431.0,2360.0,2323.0,2150.0,
2022-07-01,2022,July,REGION VIII,Southern Samar,3160.0,,1667.5,2466.67,2350.0,2690.0,
2022-07-01,2022,July,REGION VIII,Western Samar,3370.0,,1680.0,2608.57,2600.0,2200.0,
2022-08-01,2022,August,REGION VIII,Biliran,2970.0,,,2490.0,2470.0,2240.0,
2022-08-01,2022,August,REGION VII,Bohol,3035.535,,,2306.875,2216.67,2492.5,
2022-08-01,2022,August,REGION VII,Cebu,2791.25,2775.0,1427.5,2296.0,2232.0,2521.75,
2022-08-01,2022,August,REGION VIII,Eastern Samar,3025.0,3050.0,,2575.0,2590.0,,
2022-08-01,2022,August,REGION VIII,Leyte,2862.41,2750.0,1504.275,2442.715,2331.98,2327.46,3020.0
2022-08-01,2022,August,REGION VII,Negros Oriental,2583.125,,1360.315,2345.0,2342.0,2500.0,
2022-08-01,2022,August,REGION VIII,Northern Samar,3366.0,,,2696.67,2615.0,,
2022-08-01,2022,August,REGION VIII,Southern Samar,3005.0,,1640.0,2451.665,2310.0,,
2022-08-01,2022,August,REGION VIII,Western Samar,3377.86,,1686.67,2329.5,2527.5,2950.0,
2022-09-01,2022,September,REGION VIII,Biliran,2970.0,,,2490.0,2470.0,2240.0,
2022-09-01,2022,September,REGION VII,Bohol,2813.4700000000003,,,2300.0,2230.0,2700.0,
2022-09-01,2022,September,REGION VII,Cebu,2600.0,2605.0,1377.9175,2320.5825,2250.0,2578.125,
2022-09-01,2022,September,REGION VIII,Leyte,2805.765,2612.5,1474.785,2414.5924999999997,2305.265,2388.915,4200.0
2022-09-01,2022,September,REGION VII,Negros Oriental,2568.9575,,1331.45,2350.9275,2286.49,2631.9575,
2022-09-01,2022,September,REGION VIII,Northern Samar,3261.236666666666,,1700.0,2511.9466666666667,2456.6666666666665,2900.0,
2022-09-01,2022,September,REGION VIII,Southern Samar,2520.0,,1553.3333333333333,2431.25,2336.6666666666665,2750.0,
2022-09-01,2022,September,REGION VIII,Western Samar,3103.2075,2990.0,2118.335,2561.875,2713.75,2950.0,
2022-10-01,2022,October,REGION VIII,Biliran,2852.1425,,1500.0,2402.0,2446.6675,2240.0,
2022-10-01,2022,October,REGION VII,Bohol,2699.6525,,,2298.0,2252.6200000000003,2230.0,
2022-10-01,2022,October,REGION VII,Cebu,2610.625,2585.0,1317.7766666666666,2057.75,2257.9175,2509.75,2577.5
2022-10-01,2022,October,REGION VIII,Eastern Samar,2856.25,2816.6666666666665,,2565.8333333333335,,,
2022-10-01,2022,October,REGION VIII,Leyte,2646.02,2500.0,1403.6525,2409.0975,2273.785,2339.9175,
2022-10-01,2022,October,REGION VII,Negros Oriental,2483.985,,1291.5466666666669,2041.6025,2288.5625,2560.5825,2617.5
2022-10-01,2022,October,REGION VIII,Northern Samar,3264.0,,1700.0,2594.585,2585.0,2900.0,
2022-10-01,2022,October,REGION VIII,Southern Samar,2850.0,,1500.0,2438.125,2347.5,2750.0,
2022-10-01,2022,October,REGION VIII,Western Samar,3225.355,,1686.67,2371.0,2527.5,2950.0,
2022-11-01,2022,November,REGION VIII,Biliran,2863.75,,,2400.0,2506.2475,2240.0,
2022-11-01,2022,November,REGION VII,Bohol,2714.002,,,2275.332,,,
2022-11-01,2022,November,REGION VII,Cebu,2524.7,2525.0,1290.0,2290.4,2176.5,2595.0,4333.333333333333
2022-11-01,2022,November,REGION VIII,Eastern Samar,,2850.0,,2525.0,,,
2022-11-01,2022,November,REGION VIII,Leyte,2661.046,2495.0,1428.3020000000001,2409.898,2311.898,2439.6400000000003,4020.0
2022-11-01,2022,November,REGION VII,Negros Oriental,2408.334,,1243.6,2275.666,2248.5,2622.0,
2022-11-01,2022,November,REGION VIII,Northern Samar,3235.4575,,1800.0,2364.0625,2458.3333333333335,2950.0,
2022-11-01,2022,November,REGION VIII,Southern Samar,2837.334,0.0,1562.5,2458.334,2391.25,2725.0,
2022-11-01,2022,November,REGION VIII,Western Samar,3020.3033333333333,2700.0,842.5,2465.365,2527.5,2950.0,
2022-12-01,2022,December,REGION VIII,Biliran,2798.0,,,2400.0,2471.665,2240.0,
2022-12-01,2022,December,REGION VII,Bohol,2636.3875,,,2255.0,,,
2022-12-01,2022,December,REGION VII,Cebu,2420.0,,1183.71,2235.0,2784.9175,2662.6875,3989.6675
2022-12-01,2022,December,REGION VIII,Eastern Samar,,2683.335,,2513.125,,,
2022-12-01,2022,December,REGION VIII,Leyte,2607.07,2456.6666666666665,1378.6775,2393.045,2321.35,2408.7799999999997,
2022-12-01,2022,December,REGION VII,Negros Oriental,2372.165,,1202.9175,2228.1225,2199.165,2618.75,
2022-12-01,2022,December,REGION VIII,Northern Samar,3226.5,,1800.0,2251.365,2377.5,2950.0,
2022-12-01,2022,December,REGION VIII,Southern Samar,2975.8325,,1555.0,2513.335,2568.75,2912.5,
2022-12-01,2022,December,REGION VIII,Western Samar,3231.9449999999997,,1800.0,2395.3333333333335,2525.0,3075.0,
2023-01-01,2023,January,REGION VIII,Biliran,2704.22,,,2400.0,2442.22,2240.0,
2023-01-01,2023,January,REGION VII,Bohol,2431.0,,,2197.2439999999997,2180.0,2650.0,
2023-01-01,2023,January,REGION VII,Cebu,2358.668,,1194.67,2221.332,2664.666,2736.25,3431.7766666666666
2023-01-01,2023,January,REGION VIII,Eastern Samar,2900.0,2600.0,,2555.415,,,
2023-01-01,2023,January,REGION VIII,Leyte,2493.844,2328.0,1286.538,2330.8239999999996,2269.838,2459.6580000000004,
2023-01-01,2023,January,REGION VII,Negros Oriental,2392.876,,1238.014,2237.554,2201.202,2649.0,
2023-01-01,2023,January,REGION VIII,Northern Samar,3282.7775,,1733.3333333333333,2563.645,2505.0,,
2023-01-01,2023,January,REGION VIII,Southern Samar,2936.0,,1596.6666666666667,2413.666,2565.0,2700.0,
2023-01-01,2023,January,REGION VIII,Western Samar,3246.2966666666666,2635.0,1693.33,2419.1580000000004,2500.0,2950.0,
2023-02-01,2023,February,REGION VIII,Biliran,2630.0,,,2363.335,2358.33,2240.0,
2023-02-01,2023,February,REGION VII,Bohol,2306.5,,,2183.0,,,
2023-02-01,2023,February,REGION VII,Cebu,2163.75,,1082.1425,2157.2925,2121.0,2701.875,3978.125
2023-02-01,2023,February,REGION VIII,Eastern Samar,2750.0,,,2483.33,,,
2023-02-01,2023,February,REGION VIII,Leyte,2370.595,,1266.845,2260.4375,2208.2,2620.9775,
2023-02-01,2023,February,REGION VII,Negros Oriental,2361.6975,2337.5,1259.065,2348.795,2227.7625,2687.5,2672.5
2023-02-01,2023,February,REGION VIII,Northern Samar,3222.2233333333334,,1800.0,2534.86,2473.3333333333335,,
2023-02-01,2023,February,REGION VIII,Southern Samar,2569.7766666666666,,1800.0,2337.5,2268.75,2700.0,
2023-02-01,2023,February,REGION VIII,Western Samar,2982.5,,846.665,2579.75,2500.0,3100.0,
2023-03-01,2023,March,REGION VIII,Biliran,2343.75,,1120.0,2287.5,2188.5425,2715.625,
2023-03-01,2023,March,REGION VII,Bohol,2297.6675,,,2160.0825,,,
2023-03-01,2023,March,REGION VII,Cebu,2034.25,,1026.43,2076.25,2058.0,2657.5,3559.0
2023-03-01,2023,March,REGION VIII,Eastern Samar,,,,2600.0,,,
2023-03-01,2023,March,REGION VIII,Leyte,2255.3025,,1140.1399999999999,2208.4125,2074.025,2705.5025,4190.0
2023-03-01,2023,March,REGION VII,Negros Oriental,2279.3125,,1295.2075,2199.1675,2141.27,2454.1675,3330.0
2023-03-01,2023,March,REGION VIII,Northern Samar,3232.963333333333,,1750.0,2468.193333333333,2473.3333333333335,,
2023-03-01,2023,March,REGION VIII,Southern Samar,2520.0,,1750.0,2456.6666666666665,2453.3333333333335,2750.0,
2023-03-01,2023,March,REGION VIII,Western Samar,2929.375,,1693.33,2432.9825,2500.0,2950.0,
2023-04-01,2023,April,REGION VIII,Biliran,2345.0,,,2290.0,2176.67,2700.0,
2023-04-01,2023,April,REGION VII,Bohol,2172.5,,,2124.5,,,
2023-04-01,2023,April,REGION VII,Cebu,1943.5,,1009.7325,2050.375,1984.0825,2518.3325,3511.625
2023-04-01,2023,April,REGION VIII,Eastern Samar,2854.165,,,2497.22,,3225.0,
2023-04-01,2023,April,REGION VIII,Leyte,2159.6475,,1159.0974999999999,2187.4575,2085.08,2636.1475,4190.0
2023-04-01,2023,April,REGION VII,Negros Oriental,2031.5625,,1057.2925,2076.0725,2004.1675,2326.4575,3014.0
2023-04-01,2023,April,REGION VIII,Northern Samar,3171.853333333333,,1800.0,2417.0833333333335,2348.3333333333335,,
2023-04-01,2023,April,REGION VIII,Southern Samar,2269.1675,,1381.25,2288.3325,2355.0,2700.0,
2023-04-01,2023,April,REGION VIII,Western Samar,3105.5550000000003,,1693.33,2365.0933333333337,2500.0,3000.0,
2023-05-01,2023,May,REGION VII,Bohol,2078.95,,,2092.0,,,
2023-05-01,2023,May,REGION VII,Cebu,1812.0,,948.75,1894.8,1879.0,2455.625,3303.125
2023-05-01,2023,May,REGION VIII,Eastern Samar,2700.0,,,2616.67,,,
2023-05-01,2023,May,REGION VIII,Leyte,1967.532,,1070.092,2052.9579999999996,2022.548,2344.8759999999997,
2023-05-01,2023,May,REGION VII,Negros Oriental,2205.75,,1208.75,2088.834,1936.4180000000001,2474.0,2880.0
2023-05-01,2023,May,REGION VIII,Northern Samar,3078.4725,2280.0,1800.0,2486.25,2416.25,,
2023-05-01,2023,May,REGION VIII,Southern Samar,2065.0,,2000.0,2151.0,2141.25,2600.0,
2023-05-01,2023,May,REGION VIII,Western Samar,2673.89,3000.0,1693.33,2378.174,2500.0,3000.0,
2023-06-01,2023,June,REGION VII,Bohol,2011.5,,,2001.25,,,
2023-06-01,2023,June,REGION VII,Cebu,1571.25,,851.0,1881.0,1728.33,2309.0,3240.0
2023-06-01,2023,June,REGION VIII,Eastern Samar,2552.5,,,2374.17,,3225.0,
2023-06-01,2023,June,REGION VIII,Leyte,1801.6475,,1026.3725,1974.695,1911.6675,2322.3225,
2023-06-01,2023,June,REGION VII,Negros Oriental,1964.6875,,1170.0,2005.4175,1959.0625,2572.5,3323.3333333333335
2023-06-01,2023,June,REGION VIII,Northern Samar,3051.85,2280.0,1800.0,2443.49,2348.3333333333335,,
2023-06-01,2023,June,REGION VIII,Southern Samar,1922.5,,1420.0,2036.46,1991.6666666666667,2600.0,
2023-06-01,2023,June,REGION VIII,Western Samar,3013.635,3000.0,1693.33,2295.525,2500.0,3000.0,
2023-07-01,2023,July,REGION VII,Bohol,1780.2,,750.0,1788.2,1613.33,,
2023-07-01,2023,July,REGION VII,Cebu,1523.066,,793.732,1694.0720000000001,1605.3319999999999,2268.4,3095.0
2023-07-01,2023,July,REGION VIII,Eastern Samar,2196.6666666666665,,,2236.6666666666665,,,
2023-07-01,2023,July,REGION VIII,Leyte,1748.486,1585.0,978.0620000000001,1903.7599999999998,1840.964,2375.858,
2023-07-01,2023,July,REGION VII,Negros Oriental,1998.66,1900.0,1094.225,1985.214,2040.916,2250.166,2640.835
2023-07-01,2023,July,REGION VIII,Northern Samar,2610.555,2900.0,1300.0,2365.7975,2225.0,,
2023-07-01,2023,July,REGION VIII,Southern Leyte,2450.0,,2000.0,2400.0,2700.0,2600.0,
2023-07-01,2023,July,REGION VIII,Southern Samar,1976.6675,,1565.0,1983.02,2260.0,2600.0,
2023-07-01,2023,July,REGION VIII,Western Samar,2234.6,2620.0,1397.7766666666666,2147.2760000000003,2425.0,2762.5,
2023-08-01,2023,August,REGION VIII,Biliran,1750.0,,,2020.0,1990.0,2350.0,
2023-08-01,2023,August,REGION VII,Bohol,1627.1425,,750.0,1633.5725,1506.67,,
2023-08-01,2023,August,REGION VII,Cebu,1649.0,,805.0,1666.875,1561.5,2239.0,3093.75
2023-08-01,2023,August,REGION VIII,Eastern Samar,1822.3333333333333,,,1966.5,,,
2023-08-01,2023,August,REGION VIII,Leyte,1750.6825000000001,,1005.1025,1873.5,1894.365,2343.0775,
2023-08-01,2023,August,REGION VII,Negros Oriental,1706.0700000000002,,1241.785,1846.965,1713.085,2253.625,2798.75
2023-08-01,2023,August,REGION VIII,Northern Samar,2480.74,2900.0,1300.0,2456.6200000000003,2225.0,,
2023-08-01,2023,August,REGION VIII,Southern Samar,1990.835,,1106.25,1860.2075,2267.5,2112.5,
2023-08-01,2023,August,REGION VIII,Western Samar,2207.69,2255.0,1250.0,2260.33,2425.0,2575.0,
2023-09-01,2023,September,REGION VIII,Biliran,1750.0,,,2020.0,1990.0,2350.0,
2023-09-01,2023,September,REGION VII,Bohol,1747.85,,982.2233333333334,1717.48,1658.89,2550.0,
2023-09-01,2023,September,REGION VII,Cebu,1862.0975,,904.83,1746.7175,1646.5425,2332.785,3295.625
2023-09-01,2023,September,REGION VIII,Eastern Samar,2250.0,,,2057.5,,,
2023-09-01,2023,September,REGION VIII,Leyte,1914.4675,,985.5875,1870.51,1912.125,2354.475,
2023-09-01,2023,September,REGION VII,Negros Oriental,1787.56,,901.49,1811.3700000000001,1774.2075,2434.25,2793.056666666667
2023-09-01,2023,September,REGION VIII,Northern Samar,2554.4449999999997,2375.0,1300.0,2486.46,2225.0,,
2023-09-01,2023,September,REGION VIII,Southern Samar,2115.0,,1190.0,1884.5825,2750.0,2590.0,
2023-09-01,2023,September,REGION VIII,Western Samar,2247.67,2255.0,1250.0,2407.26,2350.0,,
2023-10-01,2023,October,REGION VIII,Biliran,1762.5,,,1940.0,1892.5,2362.5,
2023-10-01,2023,October,REGION VII,Bohol,1708.4525,,1106.67,1707.835,1706.67,,
2023-10-01,2023,October,REGION VII,Cebu,1847.085,1881.25,869.2,1715.5,1986.4575,2284.375,2709.9175
2023-10-01,2023,October,REGION VIII,Eastern Samar,2199.375,,,1950.625,2050.0,2250.0,
2023-10-01,2023,October,REGION VIII,Leyte,1890.458,,978.722,1802.868,1767.8759999999997,2384.834,2830.0
2023-10-01,2023,October,REGION VII,Negros Oriental,1875.334,,962.3340000000001,1832.666,1801.25,2454.75,2781.67
2023-10-01,2023,October,REGION VIII,Northern Samar,2395.5825,2275.0,1275.0,2352.605,2228.75,,
2023-10-01,2023,October,REGION VIII,Southern Samar,2241.0,,1416.0,2085.625,2580.0,2635.0,
2023-10-01,2023,October,REGION VIII,Western Samar,2203.0125,2240.0,1250.0,2172.23,2445.0,2575.0,
2023-11-01,2023,November,REGION VIII,Biliran,1800.0,,,1675.0,1625.0,2400.0,
2023-11-01,2023,November,REGION VII,Bohol,1729.0,,,1721.0,1732.0,,
2023-11-01,2023,November,REGION VII,Cebu,1793.5,1777.5,820.0,1624.0,1528.0,2226.25,3012.5
2023-11-01,2023,November,REGION VIII,Eastern Samar,2150.0,,,2050.0,,,
2023-11-01,2023,November,REGION VIII,Leyte,1864.535,,956.7075,1697.5,1639.1675,2384.5825,2830.0
2023-11-01,2023,November,REGION VII,Negros Oriental,1813.125,,870.0,1727.5,1718.75,2337.5,2540.0
2023-11-01,2023,November,REGION VIII,Northern Samar,2311.5733333333333,2275.0,1275.0,2266.6666666666665,2243.75,,
2023-11-01,2023,November,REGION VIII,Southern Samar,1976.6675,,1155.8325,1853.125,1999.4433333333334,2425.0,
2023-11-01,2023,November,REGION VIII,Western Samar,2156.28,2226.67,1135.4166666666667,1999.8366666666668,2076.6666666666665,2491.665,
2023-12-01,2023,December,REGION VIII,Biliran,1800.0,,,1700.0,1600.0,2400.0,
2023-12-01,2023,December,REGION VII,Bohol,1685.6425,,877.4975000000001,1668.4524999999999,1585.835,,
2023-12-01,2023,December,REGION VII,Cebu,1637.5,1707.5,803.3325,1577.0,1482.0,2125.0,2918.75
2023-12-01,2023,December,REGION VIII,Eastern Samar,2027.0833333333333,,,1947.5,2050.0,,
2023-12-01,2023,December,REGION VIII,Leyte,1818.0575,,929.165,1727.78,1598.7525,2386.7,
2023-12-01,2023,December,REGION VII,Negros Oriental,1646.25,,856.25,1620.8325,1466.25,2215.0,2573.75
2023-12-01,2023,December,REGION VIII,Northern Samar,2249.9066666666663,2275.0,1275.0,2273.75,2230.0,,
2023-12-01,2023,December,REGION VIII,Southern Samar,1922.5,,930.0,1787.915,2600.0,,
2023-12-01,2023,December,REGION VIII,Western Samar,2227.275,2226.67,1250.0,2090.93,2390.0,2575.0,
2024-01-01,2024,January,REGION VIII,Biliran,1800.0,,,1700.0,1600.0,2400.0,
2024-01-01,2024,January,REGION VII,Bohol,1653.016,,868.5,1648.95,1551.334,,
2024-01-01,2024,January,REGION VII,Cebu,1592.5,1670.0,808.332,1566.0,1480.4,2107.0,2860.0
2024-01-01,2024,January,REGION VIII,Eastern Samar,2005.0,,,2075.0,,1860.0,
2024-01-01,2024,January,REGION VIII,Leyte,1801.97,1790.0,945.068,1686.382,1590.558,2369.6459999999997,
2024-01-01,2024,January,REGION VII,Negros Oriental,1662.6680000000001,,873.3340000000001,1646.334,1580.834,2273.5,2625.0
2024-01-01,2024,January,REGION VIII,Northern Samar,2208.5,2220.0,1250.0,2034.2350000000001,2000.0,,
2024-01-01,2024,January,REGION VIII,Southern Samar,1939.0,,920.0,1846.834,1820.0,2373.3333333333335,
2024-01-01,2024,January,REGION VIII,Western Samar,2107.625,2196.67,1250.0,2032.0575,2280.0,,
2024-02-01,2024,February,REGION VIII,Biliran,1800.0,,,1700.0,1600.0,2400.0,
2024-02-01,2024,February,REGION VII,Bohol,1627.775,1600.0,858.75,1604.8875,1540.0,,
2024-02-01,2024,February,REGION VII,Cebu,1607.625,,812.6175000000001,1561.75,1470.75,2029.8125,2826.875
2024-02-01,2024,February,REGION VIII,Eastern Samar,2000.0,,,1916.6666666666667,,,
2024-02-01,2024,February,REGION VIII,Leyte,1771.5975,1710.0,949.5825,1709.4275,1651.875,2393.3325,
2024-02-01,2024,February,REGION VII,Negros Oriental,1694.58,,889.9975000000001,1668.3325,1596.6675,2349.375,2588.3333333333335
2024-02-01,2024,February,REGION VIII,Northern Samar,1834.7233333333334,1850.0,980.0,1857.4066666666668,1908.3333333333333,,
2024-02-01,2024,February,REGION VIII,Southern Samar,1936.25,,937.5,1883.3325,2250.0,2416.6666666666665,
2024-02-01,2024,February,REGION VIII,Western Samar,1809.0900000000001,1833.33,965.0,1847.5,1900.0,2000.0,
2024-03-01,2024,March,REGION VIII,Biliran,1800.0,,,1700.0,1600.0,2400.0,
2024-03-01,2024,March,REGION VII,Bohol,1622.1975,1600.0,,1593.4275,1530.8325,,
2024-03-01,2024,March,REGION VII,Cebu,1620.0725,,808.96,1573.25,1458.665,1973.5625,2801.875
2024-03-01,2024,March,REGION VIII,Eastern Samar,2100.0,,,1950.0,,2230.0,
2024-03-01,2024,March,REGION VIII,Leyte,1750.3025,,931.8325,1653.7425,1563.75,2159.875,
2024-03-01,2024,March,REGION VII,Negros Oriental,1767.78,,953.3333333333334,1715.11,1888.3333333333333,2232.22,2595.0
2024-03-01,2024,March,REGION VIII,Northern Samar,1837.5,1841.785,985.0,1849.1075,1906.25,,
2024-03-01,2024,March,REGION VIII,Southern Samar,1933.3333333333333,,955.0,1828.9575,0.0,2400.0,
2024-03-01,2024,March,REGION VIII,Western Samar,1857.5933333333335,,956.25,1816.6666666666667,1803.33,2212.5,
2024-04-01,2024,April,REGION VIII,Biliran,1800.0,,,1700.0,1600.0,2400.0,
2024-04-01,2024,April,REGION VII,Bohol,1631.528,,,1593.1619999999998,1531.998,,
2024-04-01,2024,April,REGION VII,Cebu,1614.69,,814.4175,1581.5625,1461.5825,1948.125,2781.25
2024-04-01,2024,April,REGION VIII,Eastern Samar,1943.75,,,1907.5,,1830.0,
2024-04-01,2024,April,REGION VIII,Leyte,1709.286,,892.434,1645.0279999999998,1523.6680000000001,2070.668,
2024-04-01,2024,April,REGION VII,Negros Oriental,1726.334,,964.3340000000001,1642.666,1493.5,2163.666,2523.3333333333335
2024-04-01,2024,April,REGION VIII,Northern Samar,1852.0825,1873.3333333333333,990.0,1855.3575,1900.0,,
2024-04-01,2024,April,REGION VIII,Southern Samar,1938.0,,636.6666666666666,1945.0,,,
2024-04-01,2024,April,REGION VIII,Western Samar,1774.95,1833.33,965.0,1791.0333333333335,1900.0,2000.0,
2024-05-01,2024,May,REGION VIII,Biliran,1800.0,,,1700.0,1600.0,2400.0,
2024-05-01,2024,May,REGION VII,Bohol,1617.4375,,,1590.54,1530.0,0.0,
2024-05-01,2024,May,REGION VII,Cebu,1587.5,,817.5,1578.125,1456.25,1915.0,2733.33
2024-05-01,2024,May,REGION VIII,Leyte,1695.1675,,964.125,1635.9475,1561.875,2105.5825,
2024-05-01,2024,May,REGION VII,Negros Oriental,1864.375,,1042.25,1796.25,1620.0,2276.0,2475.835
2024-05-01,2024,May,REGION VIII,Northern Samar,1866.6666666666667,1855.7133333333334,985.0,1870.8333333333333,1908.3333333333333,,
2024-05-01,2024,May,REGION VIII,Southern Samar,1895.4175,,,1860.8325,,,
2024-05-01,2024,May,REGION VIII,Western Samar,1868.0533333333333,1833.33,966.7850000000001,1849.83,1871.665,2000.0,
2024-06-01,2024,June,REGION VIII,Biliran,1800.0,,0.0,1700.0,1600.0,2400.0,
2024-06-01,2024,June,REGION VII,Bohol,1621.526,,,1593.838,1530.0,,
2024-06-01,2024,June,REGION VII,Cebu,1497.2,1550.0,751.5,1512.0,1347.7,1820.0,2693.33
2024-06-01,2024,June,REGION VIII,Leyte,1654.3799999999999,,901.0719999999999,1616.712,1478.908,2069.15,
2024-06-01,2024,June,REGION VII,Negros Oriental,1544.5,,741.0,1574.5,1371.0,1750.0,2463.0
2024-06-01,2024,June,REGION VIII,Northern Samar,1866.6666666666667,1856.11,985.0,1871.5266666666666,1908.3333333333333,,
2024-06-01,2024,June,REGION VIII,Southern Samar,1910.0,,,1855.0,,,
2024-06-01,2024,June,REGION VIII,Western Samar,1815.0,1833.33,970.0,1866.6666666666667,1900.0,2000.0,
2024-07-01,2024,July,REGION VIII,Biliran,1800.0,,,1700.0,1600.0,2400.0,
2024-07-01,2024,July,REGION VII,Bohol,1614.4299999999998,,,1581.0059999999999,1530.334,,
2024-07-01,2024,July,REGION VII,Cebu,1517.3,,750.8,1501.3,1332.25,1812.0,2700.0
2024-07-01,2024,July,REGION VIII,Leyte,1700.7580000000003,,905.0540000000001,1642.748,1502.35,2213.42,
2024-07-01,2024,July,REGION VII,Negros Oriental,1575.6680000000001,,876.6659999999999,1643.334,1501.0,1905.0,2591.665
2024-07-01,2024,July,REGION VIII,Northern Samar,1866.6666666666667,1856.11,985.0,1871.5266666666666,1908.3333333333333,,
2024-07-01,2024,July,REGION VII,Siquijor,1998.5600000000002,,1355.0,1823.5566666666666,,1913.1133333333335,
2024-07-01,2024,July,REGION VIII,Southern Samar,1850.998,,955.0,1790.0,,,
2024-07-01,2024,July,REGION VIII,Western Samar,1816.1933333333334,1833.33,970.0,1863.3333333333333,1900.0,2000.0,
2024-08-01,2024,August,REGION VIII,Biliran,1800.0,,,1700.0,1600.0,2400.0,
2024-08-01,2024,August,REGION VII,Bohol,1608.92,,,1569.51,1515.0,,
2024-08-01,2024,August,REGION VII,Cebu,1518.0,,762.0,1504.0625,1337.5,1808.125,2691.67
2024-08-01,2024,August,REGION VIII,Leyte,1693.545,,952.635,1641.855,1520.21,2161.49,
2024-08-01,2024,August,REGION VII,Negros Oriental,1592.08,,820.4175,1541.6675,1603.335,1710.0,2480.0
2024-08-01,2024,August,REGION VIII,Northern Samar,1866.6666666666667,1856.11,985.0,1871.5266666666666,1908.3333333333333,,
2024-08-01,2024,August,REGION VII,Siquijor,2017.3,,1387.5,1832.0,,1876.67,
2024-08-01,2024,August,REGION VIII,Southern Samar,1740.0,,955.0,1741.6666666666667,,,
2024-08-01,2024,August,REGION VIII,Western Samar,1813.395,1833.33,965.0,1872.5,1900.0,2000.0,
2024-09-01,2024,September,REGION VIII,Biliran,1800.0,,,1700.0,1600.0,2400.0,
2024-09-01,2024,September,REGION VII,Bohol,1607.2540000000001,,,1574.7279999999998,1521.25,,
2024-09-01,2024,September,REGION VII,Cebu,1518.0,,765.268,1502.75,1337.75,1804.0,2653.334
2024-09-01,2024,September,REGION VIII,Eastern Samar,1920.0,,,1887.5,,,
2024-09-01,2024,September,REGION VIII,Leyte,1699.85,,899.856,1638.0880000000002,1520.178,2165.79,
2024-09-01,2024,September,REGION VII,Negros Oriental,1639.666,,883.9979999999999,1664.666,1580.0,2166.0,2596.0
2024-09-01,2024,September,REGION VIII,Northern Samar,1862.5,1854.5825,985.0,1874.4775,1906.25,,
2024-09-01,2024,September,REGION VII,Siquijor,2017.3,,1387.5,1832.0,,1876.67,
2024-09-01,2024,September,REGION VIII,Southern Samar,1833.0,,955.0,1764.0,,2190.0,
2024-09-01,2024,September,REGION VIII,Western Samar,1832.1966666666667,1830.0,960.0,1894.7933333333333,1900.0,2000.0,
2024-10-01,2024,October,REGION VIII,Biliran,1800.0,,,1700.0,1600.0,2400.0,
2024-10-01,2024,October,REGION VII,Bohol,1607.7175,1600.0,880.0,1574.8474999999999,1527.5,,
2024-10-01,2024,October,REGION VII,Cebu,1516.5,,775.1675,1505.0,1334.5,1791.875,2645.8325
2024-10-01,2024,October,REGION VIII,Eastern Samar,1895.0,,,1895.8325,,,
2024-10-01,2024,October,REGION VIII,Leyte,1693.925,,889.7925,1637.775,1505.44,2197.3925,
2024-10-01,2024,October,REGION VII,Negros Oriental,1798.125,,829.5825,1753.125,1495.0,2016.665,2545.0
2024-10-01,2024,October,REGION VIII,Northern Samar,1883.3333333333333,1881.11,985.0,1879.1666666666667,1908.3333333333333,,
2024-10-01,2024,October,REGION VII,Siquijor,2017.3,,1387.5,1832.0,,1876.67,
2024-10-01,2024,October,REGION VIII,Southern Samar,1890.0,,955.0,1725.0,,,
2024-10-01,2024,October,REGION VIII,Western Samar,1857.6399999999999,1833.33,965.0,1856.78,1875.0,2225.0,
2024-11-01,2024,November,REGION VIII,Biliran,1800.0,,,1700.0,1600.0,2400.0,
2024-11-01,2024,November,REGION VII,Bohol,1602.435,,835.0,1568.6625,1546.875,,
2024-11-01,2024,November,REGION VII,Cebu,1519.5,,766.4575,1497.75,1672.75,1778.4375,2300.0
2024-11-01,2024,November,REGION VIII,Eastern Samar,1902.5,,,1862.0825,,,
2024-11-01,2024,November,REGION VIII,Leyte,1689.8775,,890.845,1622.9175,1516.5300000000002,2210.7425000000003,
2024-11-01,2024,November,REGION VII,Negros Oriental,1703.335,,836.2524999999999,1663.3325,1429.9975,1803.75,
2024-11-01,2024,November,REGION VIII,Northern Samar,1875.0,1886.6666666666667,983.3333333333334,1875.0,1891.6666666666667,,
2024-11-01,2024,November,REGION VII,Siquijor,1989.325,,1387.5,1835.0,,1876.67,
2024-11-01,2024,November,REGION VIII,Southern Samar,1800.0,,955.0,1749.375,,2190.0,
2024-11-01,2024,November,REGION VIII,Western Samar,1849.05,1837.5,966.25,1854.75,1900.0,2225.0,
2024-12-01,2024,December,REGION VIII,Biliran,1800.0,,,1700.0,1600.0,2400.0,
2024-12-01,2024,December,REGION VII,Bohol,1631.335,,823.33,1593.2675,1530.0,1900.0,
2024-12-01,2024,December,REGION VII,Cebu,1544.0,,766.0,1492.0,1359.0,1746.875,2625.0
2024-12-01,2024,December,REGION VIII,Eastern Samar,1877.5,,,1865.0,,,
2024-12-01,2024,December,REGION VIII,Leyte,1676.1075,,890.575,1621.4325,1511.2925,2110.5625,
2024-12-01,2024,December,REGION VII,Negros Oriental,1601.6675,,833.3325,1594.165,1495.8325,1941.25,
2024-12-01,2024,December,REGION VIII,Northern Samar,1883.3333333333333,1886.6666666666667,985.0,1888.0966666666666,1912.5,,
2024-12-01,2024,December,REGION VII,Siquijor,1980.0,,1387.5,1836.0,,1876.67,
2024-12-01,2024,December,REGION VIII,Southern Samar,1810.0,,,1757.5,,2190.0,
2024-12-01,2024,December,REGION VIII,Western Samar,1866.25,1837.5,965.0,1891.295,1900.0,2000.0,
2025-01-01,2025,January,REGION VIII,Biliran,1800.0,,,1700.0,1600.0,2400.0,
2025-01-01,2025,January,REGION VII,Bohol,1647.085,,810.235,1612.71,1510.835,1900.0,
2025-01-01,2025,January,REGION VII,Cebu,1602.0,,819.335,1545.375,1417.0,1921.875,2798.335
2025-01-01,2025,January,REGION VIII,Eastern Samar,1880.0,,,1864.4450000000002,,,
2025-01-01,2025,January,REGION VIII,Leyte,1679.19,,890.655,1649.505,1545.73,2235.08,
2025-01-01,2025,January,REGION VII,Negros Oriental,1548.33,,840.0,1541.67,1500.0,2340.0,
2025-01-01,2025,January,REGION VIII,Northern Samar,1879.545,1850.0,980.0,1872.22,2000.0,,
2025-01-01,2025,January,REGION VII,Siquijor,1980.0,,1387.5,1836.0,,1876.67,
2025-01-01,2025,January,REGION VIII,Southern Samar,1891.875,,,1831.8200000000002,,,
2025-01-01,2025,January,REGION VIII,Western Samar,1837.025,1837.5,1090.0,1857.145,2000.0,2300.0,
2025-04-01,2025,April,REGION VIII,Biliran,1800.0,,,1700.0,1600.0,2400.0,
2025-04-01,2025,April,REGION VII,Bohol,1834.605,1584.21,888.0,1630.7350000000001,1522.625,1757.14,2750.0
2025-04-01,2025,April,REGION VII,Cebu,1763.2150000000001,,890.39,1610.5949999999998,1498.8200000000002,1719.385,2792.955
2025-04-01,2025,April,REGION VIII,Eastern Samar,1945.71,,,1745.0,,2050.0,
2025-04-01,2025,April,REGION VIII,Leyte,1696.37,,880.36,1634.77,1515.6,1979.185,
2025-04-01,2025,April,REGION VIII,Northern Samar,1875.0,1839.19,950.0,1789.0349999999999,1792.11,,
2025-04-01,2025,April,REGION VIII,Samar,1846.4299999999998,,1000.0,1785.0,,,
2025-04-01,2025,April,REGION VIII,Southern Leyte,1980.0,,,1950.0,,,
2025-06-01,2025,June,REGION VIII,Biliran,1760.0,,,1676.34,1580.44,2150.0,
2025-06-01,2025,June,REGION VII,Bohol,1836.04,,850.0,1646.8600000000001,1523.955,2000.0,2750.0
2025-06-01,2025,June,REGION VII,Cebu,1764.67,,902.95,1652.2,1533.75,1884.2849999999999,2835.2799999999997
2025-06-01,2025,June,REGION VIII,Eastern Samar,1900.0,,,1727.78,,2050.0,
2025-06-01,2025,June,REGION VIII,Leyte,1719.5700000000002,,876.6,1606.9650000000001,1470.145,1779.49,2880.0
2025-06-01,2025,June,REGION VIII,Northern Samar,1850.0,1866.67,950.0,1836.395,1733.335,,
2025-06-01,2025,June,REGION VIII,Samar,1886.365,1800.0,930.0,1772.3400000000001,1600.0,2600.0,
2025-06-01,2025,June,REGION VIII,Southern Leyte,1850.0,,,1700.0,,,
2025-07-01,2025,July,REGION VIII,Biliran,1760.0,,,1676.34,1580.44,2150.0,
2025-07-01,2025,July,REGION VII,Bohol,1840.76,,928.0,1695.99,1581.36,2050.0,2750.0
2025-07-01,2025,July,REGION VIII,Eastern Samar,1830.0,,,1769.57,,,
2025-07-01,2025,July,REGION VIII,Leyte,1700.61,,870.75,1607.06,1463.44,1974.41,2880.0
2025-07-01,2025,July,REGION VIII,Northern Samar,2100.0,1973.44,,1956.71,1800.0,,
2025-07-01,2025,July,REGION VIII,Samar,1925.0,,,1880.77,,,
2025-07-01,2025,July,REGION VIII,Southern Leyte,1875.0,,,1775.0,,,
2025-12-01,2025,December,REGION VIII,Biliran,1800.0,,,1700.0,1600.0,2400.0,
2025-12-01,2025,December,REGION VII,Bohol,1640.71,,823.33,1607.62,1530.0,1900.0,
2025-12-01,2025,December,REGION VII,Cebu,1640.71,,823.33,1607.62,1530.0,1900.0,
2025-12-01,2025,December,REGION VIII,Leyte,1671.36,,886.0,1645.91,1538.0,2187.5,
2025-12-01,2025,December,REGION VII,Negros Oriental,1623.33,,840.0,1531.67,1400.0,2300.0,
2025-12-01,2025,December,REGION VII,Siquijor,1980.0,,1387.5,1836.0,,1876.67,
2025-12-01,2025,December,REGION VIII,Southern Samar,1740.0,,,1680.0,,2190.0,
