year,month,headline_inflation,rice_inflation,rice_contribution
2011,1,4,-0.2,-0.02
2011,2,4.3,-1,-0.09
2011,3,4.5,-1.3,-0.12
2011,4,4.7,1.2,0.11
2011,5,4.3,1.2,0.11
2011,6,4.4,2.1,0.19
2011,7,4.1,2.6,0.23
2011,8,3.9,0.2,0.02
2011,9,1.7,-1.9,-0.17
2011,10,1.3,0.2,0.02
2011,11,1.4,1.2,0.11
2011,12,1.8,1.4,0.12
2012,1,3.6,11.3,1
2012,2,2.6,11.2,0.99
2012,3,2.6,11.2,0.99
2012,4,4.8,11.6,1.03
2012,5,5.6,11.9,1.06
2012,6,7.2,11.1,0.98
2012,7,8,11.2,0.99
2012,8,8.4,11.7,1.04
2012,9,9.6,11.8,1.05
2012,10,9.6,11.9,1.06
2012,11,9.6,11.8,1.05
2012,12,8.9,11.8,1.05
2013,1,7.3,1.8,0.16
2013,2,8.2,2.3,0.2
2013,3,8.3,2.4,0.21
2013,4,5.9,2,0.18
2013,5,5.1,2.1,0.19
2013,6,4.1,2,0.18
2013,7,3.5,2.2,0.2
2013,8,3.5,2.1,0.19
2013,9,3.2,5.4,0.48
2013,10,3.3,5.3,0.47
2013,11,4.2,5.9,0.52
2013,12,4.9,7.5,0.67
2014,1,5.3,9.4,0.83
2014,2,4.2,9.4,0.83
2014,3,4.3,9.4,0.83
2014,4,5,9.9,0.88
2014,5,5.6,10.6,0.94
2014,6,5.2,10.9,0.97
2014,7,5.3,10.1,0.9
2014,8,5.1,9.8,0.87
2014,9,5,6.7,0.59
2014,10,5.7,7,0.62
2014,11,5.3,6.6,0.59
2014,12,4.3,5,0.44
2015,1,3.3,3.1,0.27
2015,2,3,2.7,0.24
2015,3,2.9,2.6,0.23
2015,4,2.2,1.6,0.14
2015,5,1.6,0.8,0.07
2015,6,1.3,0,0
2015,7,0.9,-0.8,-0.07
2015,8,0.1,-5.3,-0.47
2015,9,0.3,-1.3,-0.12
2015,10,-0.1,-1.6,-0.14
2015,11,-0.2,-1.6,-0.14
2015,12,1,-1.5,-0.13
2016,1,1.4,-1.3,-0.12
2016,2,1.3,-0.1,-0.01
2016,3,1.6,0.1,0.01
2016,4,2,0.7,0.06
2016,5,2.1,0.6,0.05
2016,6,2.3,0.9,0.08
2016,7,2.3,0.3,0.03
2016,8,2.9,4.5,0.4
2016,9,2.2,0,0
2016,10,2.2,-0.8,-0.07
2016,11,3,-0.3,-0.02
2016,12,1.7,-0.6,-0.05
2017,1,2.1,-0.9,-0.08
2017,2,2.6,-2.2,-0.2
2017,3,1.8,-2.4,-0.21
2017,4,1.6,-2.5,-0.22
2017,5,1.6,-2.1,-0.19
2017,6,1.7,-2.1,-0.19
2017,7,1.8,-0.7,-0.06
2017,8,2.3,0.5,0.04
2017,9,2.9,0.4,0.04
2017,10,2.7,1.2,0.11
2017,11,2.2,0.6,0.05
2017,12,1.8,0.8,0.07
2018,1,2.7,-0.1,-0.01
2018,2,3.1,0.4,0.04
2018,3,5.3,2.5,0.22
2018,4,6.2,3.2,0.28
2018,5,6.1,3.2,0.28
2018,6,6.2,5.3,0.47
2018,7,5.7,6.9,0.61
2018,8,5.1,6.1,0.54
2018,9,5.7,6.7,0.59
2018,10,5.3,7,0.62
2018,11,5.6,4.8,0.43
2018,12,5.1,4.8,0.43
2019,1,4.1,5.3,0.47
2019,2,2.7,4.8,0.43
2019,3,1.4,2.7,0.24
2019,4,1.6,1.6,0.14
2019,5,1.6,-0.8,-0.07
2019,6,0.2,-3.8,-0.34
2019,7,0.5,-8.2,-0.73
2019,8,0.9,-7.8,-0.69
2019,9,0.3,-9.6,-0.85
2019,10,-0.3,-11.5,-1.02
2019,11,0.3,-9.6,-0.85
2019,12,1.4,-9.6,-0.85
2020,1,2,-9,-0.8
2020,2,2.2,-10.1,-0.9
2020,3,1.6,-10,-0.89
2020,4,0.1,-8.6,-0.76
2020,5,0,-6.3,-0.56
2020,6,2.7,-3.3,-0.29
2020,7,2.7,-1.7,-0.15
2020,8,1.7,-2.5,-0.22
2020,9,1.2,-1.9,-0.17
2020,10,1.9,-0.1,-0.01
2020,11,1.5,-0.4,-0.04
2020,12,1.7,0.6,0.05
2021,1,0.7,-1.2,-0.11
2021,2,0.4,-1.8,-0.16
2021,3,0.9,-2,-0.18
2021,4,2.3,-5.6,-0.5
2021,5,2.2,-4.2,-0.37
2021,6,0.7,-6.6,-0.59
2021,7,0.2,-4.4,-0.39
2021,8,1.3,1.2,0.11
2021,9,1.5,-4.7,-0.42
2021,10,1.7,-4.5,-0.4
2021,11,2.4,-5,-0.44
2021,12,2.1,-5.7,-0.51
2022,1,7.2,-0.7,-0.06
2022,2,8.6,1.4,0.12
2022,3,7.1,0.2,0.02
2022,4,8,1.6,0.14
2022,5,8.3,-1.5,-0.13
2022,6,8.6,-0.8,-0.07
2022,7,10.2,-1.4,-0.12
2022,8,10.7,-5.5,-0.49
2022,9,11.6,1.1,0.1
2022,10,10.8,0.9,0.08
2022,11,10.7,1.1,0.1
2022,12,10.4,1.5,0.13
2023,1,7.9,-1.3,-0.12
2023,2,7.5,-1.1,-0.1
2023,3,8.1,0.5,0.04
2023,4,5.8,2.7,0.24
2023,5,5.4,4.8,0.43
2023,6,5.6,4.6,0.41
2023,7,4.6,5,0.44
2023,8,2.5,6.5,0.58
2023,9,2,11.7,1.04
2023,10,2.6,11.1,0.98
2023,11,1.9,16,1.42
2023,12,2.1,16.8,1.49
2024,1,-0.4,18.2,1.61
2024,2,-0.2,18.4,1.63
2024,3,0.3,17.9,1.59
2024,4,0.2,16.9,1.5
2024,5,2.3,15.3,1.36
2024,6,4.5,16.3,1.45
2024,7,4,15.1,1.34
2024,8,3,11.7,1.04
2024,9,0.7,5.7,0.51
2024,10,2.8,5.7,0.51
2024,11,2.8,2.3,0.2
2024,12,3.5,-0.1,-0.01
2025,1,3.2,-2,-0.18
2025,2,3.5,-3.4,-0.3
2025,3,3.8,-5.4,-0.48
2025,4,2.8,-9.8,-0.87
2025,5,0.5,-11.7,-1.04
2025,6,-0.8,-12.4,-1.1
2025,7,-1,-12.6,-1.12
2025,8,3.1,-13,-1.15
2025,9,5.3,-12,-1.06
2025,10,2.4,-11.7,-1.04
2025,11,3.5,-11.2,-0.99
2025,12,5.1,-9.4,-0.83
2026,1,7.3,-6.5,-0.58
2026,2,8,-6.4,-0.57
2026,3,9.1,-1.2,-0.11
2026,4,12.9,6.3,0.56
2026,5,13.6,10.9,0.97
2026,6,12.4,9.9,0.88
2026,7,10.9,6.3,0.56